fullname,Base Model,country,Upload To Hub Date,Average,#Params (B),CO2 cost (kg),IFEval Raw,IFEval,BBH Raw,BBH,MATH Lvl 5 Raw,MATH Lvl 5,GPQA Raw,GPQA,MUSR Raw,MUSR,MMLU-PRO Raw,MMLU-PRO,Official Providers
01-ai/Yi-1.5-34B,01-ai/Yi-1.5-34B,China,2024-05-11,25.64649419,34.389,22.70339787,0.284117253,28.41172533,0.597639171,42.74936269,0.153323263,15.33232628,0.365771812,15.43624161,0.423604167,11.2171875,0.466589096,40.73212175,TRUE
01-ai/Yi-1.5-34B-32K,01-ai/Yi-1.5-34B-32K,China,2024-05-15,26.72791291,34.389,23.15462858,0.311869174,31.18691738,0.601568578,43.38184667,0.15407855,15.40785498,0.363255034,15.10067114,0.439822917,14.07786458,0.470910904,41.2123227,TRUE
01-ai/Yi-1.5-34B-Chat,01-ai/Yi-1.5-34B-Chat,China,2024-05-10,33.35799367,34.389,22.42384387,0.606675842,60.66758423,0.608374831,44.26282598,0.277190332,27.71903323,0.364932886,15.32438479,0.428197917,13.05807292,0.452044548,39.11606087,TRUE
01-ai/Yi-1.5-34B-Chat-16K,01-ai/Yi-1.5-34B-Chat-16K,China,2024-05-15,29.40355484,34.389,6.774022458,0.456449997,45.64499971,0.610021826,44.53615655,0.213746224,21.37462236,0.338087248,11.74496644,0.439760417,13.73671875,0.454454787,39.38386525,TRUE
01-ai/Yi-1.5-6B,01-ai/Yi-1.5-6B,China,2024-05-11,16.74569805,6.061,1.844209572,0.261660173,26.16601728,0.449258202,22.02790454,0.066465257,6.64652568,0.313758389,8.501118568,0.43740625,13.30911458,0.314411569,23.82350768,TRUE
01-ai/Yi-1.5-6B-Chat,01-ai/Yi-1.5-6B-Chat,China,2024-05-11,22.78400629,6.061,1.444791107,0.514527011,51.45270106,0.457131133,23.67872313,0.162386707,16.23867069,0.302013423,6.935123043,0.439177083,14.03046875,0.31931516,24.36835106,TRUE
01-ai/Yi-1.5-9B,01-ai/Yi-1.5-9B,China,2024-05-11,22.15390151,8.829,1.468892032,0.293584356,29.35843562,0.514294179,30.50071699,0.114048338,11.40483384,0.379194631,17.22595078,0.43278125,12.03098958,0.39162234,32.40248227,TRUE
01-ai/Yi-1.5-9B-32K,01-ai/Yi-1.5-9B-32K,China,2024-05-15,19.80978629,8.829,1.568073413,0.23031113,23.031113,0.496332116,28.93701158,0.108006042,10.80060423,0.359060403,14.54138702,0.418614583,10.82682292,0.376496011,30.72177896,TRUE
01-ai/Yi-1.5-9B-Chat,01-ai/Yi-1.5-9B-Chat,China,2024-05-10,29.53087222,8.829,1.453543491,0.604552587,60.45525871,0.55590643,36.95293138,0.225830816,22.58308157,0.334731544,11.29753915,0.42590625,12.83828125,0.397523271,33.05814125,TRUE
01-ai/Yi-1.5-9B-Chat-16K,01-ai/Yi-1.5-9B-Chat-16K,China,2024-05-15,23.76539235,8.829,1.584745013,0.421404097,42.14040967,0.515338336,31.49760895,0.178247734,17.82477341,0.308724832,7.829977629,0.40990625,10.03828125,0.399351729,33.26130319,TRUE
01-ai/Yi-34B,01-ai/Yi-34B,China,2023-11-01,22.37312702,34.389,25.65748329,0.304575194,30.45751938,0.545709995,35.54243126,0.051359517,5.135951662,0.366610738,15.54809843,0.411854167,9.6484375,0.441156915,37.90632388,TRUE
01-ai/Yi-34B-200K,01-ai/Yi-34B-200K,China,2023-11-06,20.01347534,34.389,25.50385585,0.154248505,15.42485051,0.544181793,36.02211029,0.057401813,5.740181269,0.356543624,14.20581655,0.38171875,9.41484375,0.453457447,39.27304965,TRUE
01-ai/Yi-34B-Chat,01-ai/Yi-34B-Chat,China,2023-11-22,24.22666265,34.389,25.12569569,0.469888784,46.9888784,0.556087291,37.6239876,0.062688822,6.268882175,0.338087248,11.74496644,0.39784375,8.363802083,0.409325133,34.36945922,TRUE
01-ai/Yi-6B,01-ai/Yi-6B,China,2023-11-01,13.61161749,6.061,1.098549254,0.289337846,28.93378458,0.430923059,19.40850474,0.015861027,1.586102719,0.269295302,2.572706935,0.3936875,7.044270833,0.299119016,22.12433511,TRUE
01-ai/Yi-6B-200K,01-ai/Yi-6B-200K,China,2023-11-06,11.9960983,6.061,1.126423981,0.084330687,8.433068702,0.428929481,20.1480201,0.018126888,1.812688822,0.281879195,4.250559284,0.458739583,16.84244792,0.284408245,20.48980496,TRUE
01-ai/Yi-6B-Chat,01-ai/Yi-6B-Chat,China,2023-11-22,14.11765001,6.061,1.110665672,0.339521359,33.95213589,0.413260192,17.00016657,0.013595166,1.359516616,0.294463087,5.928411633,0.368791667,3.565625,0.306100399,22.90004433,TRUE
01-ai/Yi-9B,01-ai/Yi-9B,China,2024-03-01,17.81186737,8.829,1.530663961,0.270877937,27.08779372,0.493960751,27.62695611,0.055891239,5.589123867,0.31795302,9.060402685,0.40540625,8.909114583,0.357380319,28.59781324,TRUE
01-ai/Yi-9B-200K,01-ai/Yi-9B-200K,China,2024-03-15,17.72955179,8.829,1.548982344,0.232709212,23.27092116,0.47933026,26.4924951,0.066465257,6.64652568,0.315436242,8.724832215,0.42940625,12.10911458,0.362200798,29.13342199,TRUE
abacusai/Dracarys-72B-Instruct,abacusai/Dracarys-72B-Instruct,USA,2024-08-14,43.37721214,72.706,24.76692815,0.785577822,78.55778224,0.694406639,56.9355201,0.39652568,39.65256798,0.390939597,18.79194631,0.455822917,16.81119792,0.545628324,49.51425827,TRUE
abacusai/Liberated-Qwen1.5-14B,abacusai/Liberated-Qwen1.5-14B,USA,2024-03-05,20.50814224,14,6.107198577,0.363102125,36.31021246,0.494800092,28.020906,0.160120846,16.01208459,0.283557047,4.474272931,0.41746875,10.31692708,0.351230053,27.91445035,TRUE
abacusai/Llama-3-Smaug-8B,abacusai/Llama-3-Smaug-8B,USA,2024-04-19,19.06776238,8.03,1.820436529,0.486675355,48.66753547,0.493071277,27.88037419,0.085347432,8.534743202,0.248322148,0,0.36225,5.047916667,0.318484043,24.27600473,TRUE
abacusai/Smaug-Llama-3-70B-Instruct-32K,abacusai/Smaug-Llama-3-70B-Instruct-32K,USA,2024-06-11,35.7648916,70.554,26.60682647,0.77611072,77.61107196,0.649310809,49.07037043,0.274924471,27.49244713,0.29614094,6.15212528,0.420791667,12.43229167,0.476479388,41.83104314,TRUE
abacusai/Smaug-Mixtral-v0.1,abacusai/Smaug-Mixtral-v0.1,USA,2024-02-18,23.82147125,46.703,7.882831005,0.555442892,55.54428915,0.51622456,31.91926054,0.095166163,9.516616314,0.301174497,6.823266219,0.4298125,12.99322917,0.335189495,26.13216608,TRUE
abacusai/Smaug-Qwen2-72B-Instruct,abacusai/Smaug-Qwen2-72B-Instruct,USA,2024-06-26,42.07422014,72.706,26.51466956,0.782530353,78.25303528,0.690978993,56.2661719,0.413141994,41.3141994,0.361577181,14.87695749,0.440072917,15.17578125,0.51903258,46.55917553,TRUE
ai21labs/Jamba-v0.1,ai21labs/Jamba-v0.1,Israel,2024-03-28,9.21836509,51.57,15.31529466,0.20255921,20.25592096,0.360226025,10.72205892,0.015861027,1.586102719,0.268456376,2.460850112,0.359020833,3.7109375,0.249168883,16.57432033,TRUE
allenai/OLMo-1.7-7B-hf,allenai/OLMo-1.7-7B-hf,USA,2024-04-17,3.800231913,0,0.654292755,0.156897033,15.68970332,0.301369591,2.770316393,0.002265861,0.226586103,0.255033557,0.67114094,0.347489583,2.06953125,0.112367021,1.374113475,TRUE
allenai/OLMo-1B-hf,allenai/OLMo-1B-hf,USA,2024-04-12,6.633923959,1.177,0.4977475,0.218196607,21.81966072,0.30519469,3.196546312,0.017371601,1.737160121,0.261744966,1.565995526,0.40978125,9.555989583,0.117353723,1.928191489,TRUE
allenai/OLMo-7B-hf,allenai/OLMo-7B-hf,USA,2024-04-12,6.864268027,6.888,1.181128317,0.271927375,27.19273749,0.327913166,5.761987041,0.012084592,1.208459215,0.272651007,3.020134228,0.348666667,2.083333333,0.117270612,1.918956856,TRUE
allenai/OLMo-7B-Instruct-hf,allenai/OLMo-7B-Instruct-hf,USA,2024-06-04,10.84897342,7,1.790599367,0.347265256,34.72652562,0.370646987,13.15993342,0.013595166,1.359516616,0.270973154,2.796420582,0.376479167,4.3265625,0.178523936,8.724881797,TRUE
allenai/OLMoE-1B-7B-0924,allenai/OLMoE-1B-7B-0924,USA,2024-07-20,7.266580604,6.919,6.152814234,0.218471434,21.84714336,0.339343793,8.308106895,0.016616314,1.66163142,0.247483221,0,0.348791667,3.565625,0.173952793,8.21697695,TRUE
amd/AMD-Llama-135m,amd/AMD-Llama-135m,USA,2024-07-19,4.75962716,0.135,0.128719176,0.184224524,18.42245243,0.297393192,2.485495053,0.005287009,0.528700906,0.252516779,0.33557047,0.37796875,4.912760417,0.116855053,1.872783688,TRUE
amd/AMD-Llama-135m,amd/AMD-Llama-135m,USA,2024-07-19,5.228976559,0.134,0.708678032,0.191843198,19.18431983,0.296944497,2.53795268,0.00755287,0.755287009,0.258389262,1.118568233,0.384572917,5.904947917,0.116855053,1.872783688,TRUE
berkeley-nest/Starling-LM-7B-alpha,berkeley-nest/Starling-LM-7B-alpha,USA,2023-11-25,20.83936105,7.242,1.103257773,0.548049176,54.80491762,0.444006526,21.95402809,0.083836858,8.383685801,0.296979866,6.263982103,0.412010417,9.501302083,0.317154255,24.12825059,TRUE
bigcode/starcoder2-15b,bigcode/starcoder2-15b,USA,2024-02-20,12.53917542,15.958,67.68626903,0.278022314,27.80223141,0.444795784,20.37354075,0.059667674,5.966767372,0.273489933,3.131991051,0.35009375,2.928385417,0.235289229,15.03213652,TRUE
bigcode/starcoder2-3b,bigcode/starcoder2-3b,USA,2023-11-29,6.549147626,3.03,0.893257837,0.203708383,20.37083826,0.350871414,8.909299421,0.01510574,1.510574018,0.244127517,0,0.343458333,1.432291667,0.163646941,7.071882388,TRUE
bigcode/starcoder2-7b,bigcode/starcoder2-7b,USA,2024-02-20,8.293438376,7.174,1.012802757,0.220919383,22.09193828,0.366098577,11.39511011,0.030966767,3.096676737,0.251677852,0.223713647,0.379333333,5.816666667,0.164228723,7.136524823,TRUE
bigscience/bloom-1b1,bigscience/bloom-1b1,France,2022-05-19,4.025155876,1.065,1.434042715,0.137337819,13.73378192,0.310727624,4.042705269,0.005287009,0.528700906,0.259228188,1.230425056,0.37,3.416666667,0.110787899,1.198655437,TRUE
bigscience/bloom-1b7,bigscience/bloom-1b7,France,2022-05-19,4.046754481,1.722,1.636719198,0.104389686,10.4389686,0.31405492,4.397452928,0.005287009,0.528700906,0.258389262,1.118568233,0.388572917,6.83828125,0.108626995,0.958554965,TRUE
bigscience/bloom-3b,bigscience/bloom-3b,France,2022-05-19,4.387894129,3.003,1.992112381,0.127096105,12.7096105,0.306291859,3.420098284,0.008308157,0.83081571,0.239932886,0,0.3980625,7.891145833,0.11328125,1.475694444,TRUE
bigscience/bloom-560m,bigscience/bloom-560m,France,2022-05-19,3.507243599,0.559,1.52543228,0.062024318,6.20243177,0.302595054,2.885363608,0.003776435,0.377643505,0.261744966,1.565995526,0.403083333,8.185416667,0.116439495,1.82661052,TRUE
bigscience/bloom-7b1,bigscience/bloom-7b1,France,2022-05-19,3.795510242,7.069,2.011550037,0.132216962,13.22169621,0.311371853,4.038808519,0.005287009,0.528700906,0.264261745,1.901565996,0.348697917,1.920572917,0.110455452,1.161716903,TRUE
CausalLM/14B,CausalLM/14B,USA,2023-10-22,17.23558015,14,1.992828927,0.278821305,27.88213052,0.47004624,24.78094267,0.075528701,7.552870091,0.302852349,7.046979866,0.415479167,11.46822917,0.322140957,24.68232861,TRUE
CausalLM/34b-beta,CausalLM/34b-beta,USA,2024-02-06,23.29783305,34.389,5.853192682,0.304324747,30.43247472,0.55909961,36.67722626,0.048338369,4.833836858,0.34647651,12.86353468,0.374864583,6.924739583,0.532496676,48.05518617,TRUE
CohereForAI/aya-23-35B,CohereForAI/aya-23-35B,Canada,2024-05-19,24.75540845,34.981,33.97063404,0.646193212,64.61932118,0.539955145,34.85836047,0.034743202,3.474320242,0.294463087,5.928411633,0.430989583,13.47369792,0.335605053,26.17833924,TRUE
CohereForAI/aya-23-8B,CohereForAI/aya-23-8B,Canada,2024-05-19,16.01098315,8.028,2.390344163,0.469888784,46.9888784,0.429616152,20.20376065,0.016616314,1.66163142,0.284395973,4.586129754,0.3940625,8.424479167,0.227809176,14.2010195,TRUE
CohereForAI/aya-expanse-32b,CohereForAI/aya-expanse-32b,Canada,2024-10-23,29.71851013,32.296,11.0354702,0.730173717,73.01737168,0.56486701,38.70961143,0.153323263,15.33232628,0.325503356,10.06711409,0.387270833,6.408854167,0.412982048,34.7757831,TRUE
CohereForAI/aya-expanse-8b,CohereForAI/aya-expanse-8b,Canada,2024-10-23,22.4065737,8.028,2.339378138,0.635851762,63.58517622,0.497720306,28.5234825,0.086102719,8.610271903,0.302852349,7.046979866,0.372885417,4.410677083,0.300365691,22.26285461,TRUE
CohereForAI/c4ai-command-r7b-12-2024,CohereForAI/c4ai-command-r7b-12-2024,Canada,2024-12-11,31.61752929,8.028,4.909613872,0.771314556,77.13145565,0.550264215,36.02456417,0.299093656,29.90936556,0.308724832,7.829977629,0.412510417,10.23046875,0.357214096,28.57934397,TRUE
CohereForAI/c4ai-command-r-plus,CohereForAI/c4ai-command-r-plus,Canada,2024-04-03,30.93607061,103.811,57.26306342,0.766418658,76.6418658,0.581542357,39.91995423,0.080060423,8.006042296,0.305369128,7.382550336,0.48071875,20.42317708,0.399185505,33.24283392,TRUE
CohereForAI/c4ai-command-r-plus-08-2024,CohereForAI/c4ai-command-r-plus-08-2024,Canada,2024-08-21,33.6474746,103.811,44.63775334,0.753953953,75.39539533,0.599599991,42.83686541,0.123867069,12.38670695,0.350671141,13.42281879,0.482947917,19.83515625,0.442071144,38.00790485,TRUE
CohereForAI/c4ai-command-r-v01,CohereForAI/c4ai-command-r-v01,Canada,2024-03-11,25.92903183,34.981,26.79087453,0.674819479,67.4819479,0.540641551,34.55665926,0.034743202,3.474320242,0.30704698,7.606263982,0.451697917,16.12890625,0.33693484,26.32609338,TRUE
databricks/dbrx-base,databricks/dbrx-base,USA,2024-03-26,16.35943247,0,10.45340966,0.082147239,8.214723926,0.519583333,32.60853758,0.1,10,0.326666667,10.22222222,0.406666667,9.333333333,0.35,27.77777778,TRUE
databricks/dbrx-instruct,databricks/dbrx-instruct,USA,2024-03-26,25.19901027,131.597,47.95802727,0.541579675,54.15796753,0.54289608,35.9638196,0.068731118,6.873111782,0.341442953,12.19239374,0.426927083,12.19921875,0.368267952,29.80755024,TRUE
databricks/dolly-v1-6b,databricks/dolly-v1-6b,USA,2023-03-23,6.981231711,6,1.321559825,0.222443118,22.24431176,0.317208953,4.78130917,0.018882175,1.888217523,0.264261745,1.901565996,0.400416667,8.11875,0.126579122,2.953235816,TRUE
databricks/dolly-v2-12b,databricks/dolly-v2-12b,USA,2023-04-11,6.370435703,12,2.794238925,0.235507343,23.55073427,0.331997317,6.377894137,0.013595166,1.359516616,0.240771812,0,0.37390625,5.504947917,0.112865691,1.429521277,TRUE
databricks/dolly-v2-3b,databricks/dolly-v2-3b,USA,2023-04-13,5.599658243,3,1.516168968,0.224715976,22.47159758,0.30792786,3.324768957,0.01510574,1.510574018,0.26090604,1.454138702,0.33378125,3.22265625,0.114527926,1.614213948,TRUE
databricks/dolly-v2-7b,databricks/dolly-v2-7b,USA,2023-04-13,5.647360475,7,1.660411987,0.200985607,20.09856071,0.317306281,5.449892513,0.014350453,1.435045317,0.268456376,2.460850112,0.355302083,2.779427083,0.114943484,1.660387116,TRUE
Deci/DeciLM-7B,Deci/DeciLM-7B,Israel,2023-12-10,15.02347794,7.044,1.284274695,0.281294742,28.12947424,0.442285667,21.25272979,0.028700906,2.870090634,0.295302013,6.040268456,0.435854167,13.0484375,0.269198803,18.79986702,TRUE
Deci/DeciLM-7B-instruct,Deci/DeciLM-7B-instruct,Israel,2023-12-10,17.47009222,7.044,1.277298665,0.488023999,48.80239985,0.458974865,23.88714904,0.03021148,3.021148036,0.28942953,5.257270694,0.388416667,5.985416667,0.260804521,17.86716903,TRUE
deepseek-ai/deepseek-llm-67b-chat,deepseek-ai/deepseek-llm-67b-chat,China,2023-11-29,27.31063187,67,119.6436173,0.55871532,55.87153198,0.524341618,33.22524193,0.092900302,9.290030211,0.316275168,8.836689038,0.505864583,23.93307292,0.394365027,32.70722518,TRUE
deepseek-ai/deepseek-llm-7b-base,deepseek-ai/deepseek-llm-7b-base,China,2023-11-29,8.227098435,7,1.645071179,0.217871913,21.78719132,0.350303158,9.767924796,0.019637462,1.963746224,0.273489933,3.131991051,0.37378125,3.755989583,0.180601729,8.955747636,TRUE
deepseek-ai/deepseek-llm-7b-chat,deepseek-ai/deepseek-llm-7b-chat,China,2023-11-29,14.82315685,7,1.548965095,0.417082231,41.70822307,0.363207976,11.25894937,0.020392749,2.039274924,0.265939597,2.125279642,0.466770833,19.21302083,0.213347739,12.59419326,TRUE
deepseek-ai/deepseek-moe-16b-base,deepseek-ai/deepseek-moe-16b-base,China,2024-01-08,7.466333792,16.376,14.00493086,0.244974446,24.49744456,0.340946106,8.355555779,0.024169184,2.416918429,0.254194631,0.559284116,0.36578125,3.355989583,0.150515293,5.612810284,TRUE
deepseek-ai/deepseek-moe-16b-chat,deepseek-ai/deepseek-moe-16b-chat,China,2024-01-09,10.29061522,16.376,9.186956146,0.366299197,36.62991972,0.327495303,6.573749027,0.025679758,2.567975831,0.224832215,0,0.380760417,5.26171875,0.196392952,10.71032801,TRUE
deepseek-ai/DeepSeek-R1-Distill-Llama-70B,deepseek-ai/DeepSeek-R1-Distill-Llama-70B,China,2025-01-20,27.80942636,70.554,118.5464656,0.433593975,43.35939751,0.563496265,35.81986234,0.307401813,30.74018127,0.265100671,2.013422819,0.43421875,13.27734375,0.474817154,41.64635047,TRUE
deepseek-ai/DeepSeek-R1-Distill-Llama-8B,deepseek-ai/DeepSeek-R1-Distill-Llama-8B,China,2025-01-20,13.0599501,8.03,1.479805633,0.378239737,37.82397372,0.323935109,5.325247153,0.21978852,21.97885196,0.255033557,0.67114094,0.324979167,0.455729167,0.208942819,12.10475768,TRUE
deepseek-ai/DeepSeek-R1-Distill-Qwen-1.5B,deepseek-ai/DeepSeek-R1-Distill-Qwen-1.5B,China,2025-01-20,10.3510368,1.777,1.236411179,0.346341042,34.63410418,0.324098799,4.729119208,0.16918429,16.918429,0.255872483,0.782997763,0.363458333,2.965625,0.118683511,2.075945626,TRUE
deepseek-ai/DeepSeek-R1-Distill-Qwen-14B,deepseek-ai/DeepSeek-R1-Distill-Qwen-14B,China,2025-01-20,38.22146462,14.77,3.992189978,0.43816518,43.81651795,0.590557313,40.69076686,0.570241692,57.02416918,0.387583893,18.34451902,0.536625,28.71145833,0.466672207,40.74135638,TRUE
deepseek-ai/DeepSeek-R1-Distill-Qwen-32B,deepseek-ai/DeepSeek-R1-Distill-Qwen-32B,China,2025-01-20,22.96226839,32.764,47.27590504,0.418631453,41.86314534,0.419691509,17.14967377,0.170694864,17.0694864,0.284395973,4.586129754,0.452604167,16.1421875,0.468666888,40.96298759,TRUE
deepseek-ai/DeepSeek-R1-Distill-Qwen-7B,deepseek-ai/DeepSeek-R1-Distill-Qwen-7B,China,2025-01-20,14.99492257,7.616,1.369931519,0.403768667,40.37686671,0.34425677,7.882702983,0.195619335,19.56193353,0.279362416,3.914988814,0.36628125,3.551822917,0.232130984,14.68122045,TRUE
distilbert/distilgpt2,distilbert/distilgpt2,USA,2022-03-02,4.002273827,0.088,0.246163081,0.061100103,6.110010328,0.303798815,2.835219846,0.006042296,0.604229607,0.259228188,1.230425056,0.420729167,11.1578125,0.118683511,2.075945626,TRUE
EleutherAI/gpt-j-6b,EleutherAI/gpt-j-6b,USA,2022-03-02,6.570411769,6,1.534864313,0.252218558,25.22185579,0.319104443,4.912818068,0.013595166,1.359516616,0.245805369,0,0.36575,5.252083333,0.124085771,2.676196809,TRUE
EleutherAI/gpt-neo-1.3B,EleutherAI/gpt-neo-1.3B,USA,2022-03-02,5.391090849,1.366,0.718848123,0.207905025,20.79050253,0.303923159,3.024569181,0.010574018,1.057401813,0.255872483,0.782997763,0.38165625,4.873697917,0.116356383,1.817375887,TRUE
EleutherAI/gpt-neo-125m,EleutherAI/gpt-neo-125m,USA,2022-03-02,4.407321908,0.15,0.405804973,0.190544422,19.05444221,0.311515689,3.436738951,0.006042296,0.604229607,0.253355705,0.447427293,0.359333333,2.616666667,0.10255984,0.284426714,TRUE
EleutherAI/gpt-neo-2.7B,EleutherAI/gpt-neo-2.7B,USA,2022-03-02,6.431047801,2.718,1.016762803,0.258962885,25.89628851,0.313951603,4.178602667,0.010574018,1.057401813,0.265939597,2.125279642,0.355364583,3.520572917,0.116273271,1.808141253,TRUE
EleutherAI/gpt-neox-20b,EleutherAI/gpt-neox-20b,USA,2022-04-07,6.116522152,20.739,6.293472747,0.258688059,25.86880588,0.316503803,4.929114202,0.013595166,1.359516616,0.243288591,0,0.364666667,2.816666667,0.115525266,1.725029551,TRUE
EleutherAI/pythia-1.4b,EleutherAI/pythia-1.4b,USA,2023-02-09,6.008531439,1.515,0.387232649,0.237080945,23.70809452,0.31504265,3.878989479,0.01510574,1.510574018,0.261744966,1.565995526,0.35378125,4.02265625,0.11228391,1.364878842,TRUE
EleutherAI/pythia-12b,EleutherAI/pythia-12b,USA,2023-02-28,6.059841493,12,2.236014306,0.247147568,24.71475685,0.317965396,4.987531038,0.016616314,1.66163142,0.246644295,0,0.364697917,3.787239583,0.110871011,1.207890071,TRUE
EleutherAI/pythia-160m,EleutherAI/pythia-160m,USA,2023-02-08,5.730394617,0.213,0.470677083,0.181551616,18.15516164,0.297043748,2.19883228,0.009063444,0.906344411,0.258389262,1.118568233,0.4179375,10.67552083,0.111951463,1.327940307,TRUE
EleutherAI/pythia-1b,EleutherAI/pythia-1b,USA,2023-03-10,5.070268221,1.079,0.312294805,0.220794159,22.07941595,0.300409302,2.2939864,0.009063444,0.906344411,0.256711409,0.894854586,0.355208333,2.734375,0.113613697,1.512632979,TRUE
EleutherAI/pythia-2.8b,EleutherAI/pythia-2.8b,USA,2023-02-13,5.554946282,2.909,1.507804003,0.21732226,21.73222605,0.322408594,5.077786162,0.013595166,1.359516616,0.25,0,0.348572917,3.63828125,0.113696809,1.521867612,TRUE
EleutherAI/pythia-410m,EleutherAI/pythia-410m,USA,2023-02-13,5.227072311,0.506,0.754163654,0.219545251,21.9545251,0.302813387,2.71542812,0.009818731,0.981873112,0.259228188,1.230425056,0.3578125,3.059895833,0.11278258,1.420286643,TRUE
EleutherAI/pythia-6.9b,EleutherAI/pythia-6.9b,USA,2023-02-14,5.966546775,6.9,1.737733829,0.228113627,22.81136274,0.323228787,5.88163198,0.014350453,1.435045317,0.251677852,0.223713647,0.359052083,3.81484375,0.114694149,1.632683215,TRUE
facebook/opt-1.3b,facebook/opt-1.3b,USA,2022-05-11,5.276689334,1.3,0.806009556,0.238329854,23.83298537,0.309394705,3.64805209,0.009063444,0.906344411,0.242449664,0,0.342,2.083333333,0.110704787,1.189420804,TRUE
facebook/opt-30b,facebook/opt-30b,USA,2022-05-11,6.276874108,30,5.999689573,0.24529914,24.52991396,0.307034475,3.498429385,0.010574018,1.057401813,0.269295302,2.572706935,0.360416667,4.185416667,0.116356383,1.817375887,TRUE
google/codegemma-1.1-2b,google/codegemma-1.1-2b,USA,2024-04-30,7.133867903,2.506,1.899766392,0.229362536,22.93625358,0.335341779,7.55122528,0.012839879,1.283987915,0.265100671,2.013422819,0.387145833,5.9265625,0.127825798,3.091755319,TRUE
google/flan-t5-base,google/flan-t5-base,USA,2022-10-21,6.415642125,0.248,0.313242881,0.189070555,18.9070555,0.35259806,11.33769368,0.010574018,1.057401813,0.238255034,0,0.367114583,3.22265625,0.13572141,3.969045508,TRUE
google/flan-t5-large,google/flan-t5-large,USA,2022-10-21,9.658122926,0.783,0.466982743,0.220094904,22.00949037,0.415311504,17.51001828,0.014350453,1.435045317,0.250838926,0.111856823,0.408322917,9.00703125,0.17087766,7.875295508,TRUE
google/flan-t5-small,google/flan-t5-small,USA,2022-10-21,6.129661811,0.077,0.286260485,0.152425564,15.24255642,0.32829011,6.363111962,0.00755287,0.755287009,0.26090604,1.454138702,0.412291667,10.36979167,0.123337766,2.593085106,TRUE
google/flan-t5-xl,google/flan-t5-xl,USA,2022-10-21,11.70507258,2.85,0.697858689,0.223741894,22.37418937,0.453106361,22.69505581,0.00755287,0.755287009,0.252516779,0.33557047,0.41809375,11.32838542,0.214677527,12.7419474,TRUE
google/flan-t5-xl,google/flan-t5-xl,USA,2022-10-21,11.58716744,2.85,0.28535173,0.220694424,22.06944241,0.453721722,22.83758766,0.000755287,0.075528701,0.245805369,0,0.42203125,11.85390625,0.214178856,12.6865396,TRUE
google/flan-t5-xxl,google/flan-t5-xxl,USA,2022-10-21,13.66207706,11.267,1.412953655,0.220045036,22.00450361,0.506588802,30.1192556,0.010574018,1.057401813,0.270134228,2.684563758,0.42175,11.18541667,0.234291888,14.92132092,TRUE
google/flan-ul2,google/flan-ul2,USA,2023-03-03,13.67599869,19.46,1.119932567,0.239254068,23.92540681,0.505373805,30.02029013,0.009063444,0.906344411,0.287751678,5.033557047,0.384354167,5.577604167,0.249335106,16.5927896,TRUE
google/gemma-1.1-2b-it,google/gemma-1.1-2b-it,USA,2024-03-26,8.053373854,2.506,0.658429563,0.306748317,30.67483167,0.318463497,5.862826723,0.018126888,1.812688822,0.269295302,2.572706935,0.339395833,2.024479167,0.148354388,5.372709811,TRUE
google/gemma-1.1-7b-it,google/gemma-1.1-7b-it,USA,2024-03-26,17.69358423,8.538,1.15659838,0.503910735,50.39107346,0.393529796,15.93420939,0.049093656,4.909365559,0.293624161,5.81655481,0.423020833,11.5109375,0.258394282,17.59936466,TRUE
google/gemma-2-27b,google/gemma-2-27b,USA,2024-06-24,23.92616734,27.227,11.22849856,0.24752213,24.75221302,0.564290832,37.39073745,0.166163142,16.6163142,0.350671141,13.42281879,0.439635417,13.92109375,0.437084441,37.45382683,TRUE
google/gemma-2-2b,google/gemma-2-2b,USA,2024-07-16,10.12946316,2.614,1.518795723,0.199312269,19.93122692,0.3655967,11.75580753,0.028700906,2.870090634,0.262583893,1.677852349,0.423177083,11.43046875,0.218001995,13.11133274,TRUE
google/gemma-2-2b,google/gemma-2-2b,USA,2024-07-16,10.35961557,2.614,2.836514702,0.201760218,20.17602184,0.370867461,12.49730623,0.03021148,3.021148036,0.262583893,1.677852349,0.421875,11.26770833,0.22165891,13.51765662,TRUE
google/gemma-2-9b,google/gemma-2-9b,USA,2024-06-24,21.20528678,9,8.616239679,0.203983209,20.3983209,0.53773734,34.09681854,0.134441088,13.44410876,0.32885906,10.51454139,0.446114583,14.29765625,0.410322473,34.48027482,TRUE
google/gemma-2b,google/gemma-2b,USA,2024-02-08,7.32195981,2.506,1.295988726,0.20375825,20.37582503,0.336563817,8.246263427,0.03021148,3.021148036,0.255033557,0.67114094,0.39778125,7.555989583,0.136552527,4.061391844,TRUE
google/gemma-2b-it,google/gemma-2b-it,USA,2024-02-08,7.48580413,2.506,0.705900662,0.269029508,26.90295084,0.31508192,5.214303022,0.020392749,2.039274924,0.27852349,3.803131991,0.334125,3.032291667,0.135305851,3.92287234,TRUE
google/gemma-7b,google/gemma-7b,USA,2024-02-08,15.44281857,8.538,2.509828116,0.265932171,26.59321711,0.436152852,21.11609932,0.074018127,7.401812689,0.286912752,4.921700224,0.406239583,10.97994792,0.294797207,21.64413416,TRUE
google/mt5-base,google/mt5-base,USA,2022-03-02,3.716339524,0.39,0.400079636,0.164515707,16.45157072,0.288316002,1.298551388,0.009063444,0.906344411,0.23909396,0,0.367208333,2.867708333,0.106964761,0.773862293,TRUE
google/mt5-small,google/mt5-small,USA,2022-03-02,4.255928173,0.17,0.360987349,0.171809687,17.18096872,0.276584203,1.07097148,0,0,0.242449664,0,0.38575,5.91875,0.11228391,1.364878842,TRUE
google/mt5-xl,google/mt5-xl,USA,2022-03-02,5.191420153,3.23,1.807534449,0.195964485,19.59644853,0.304735837,3.282461914,0,0,0.264261745,1.901565996,0.379520833,5.040104167,0.111951463,1.327940307,TRUE
google/mt5-xxl,google/mt5-xxl,USA,2022-03-02,5.103076783,11.9,4.563877005,0.235756681,23.57566812,0.295934416,2.5047108,0,0,0.241610738,0,0.368947917,3.551822917,0.10887633,0.986258865,TRUE
google/recurrentgemma-2b,google/recurrentgemma-2b,USA,2024-04-06,7.015126997,2.683,5.535049425,0.301702815,30.17028152,0.319735828,4.820362231,0.020392749,2.039274924,0.245805369,0,0.344572917,3.104947917,0.117603059,1.95589539,TRUE
google/recurrentgemma-2b-it,google/recurrentgemma-2b-it,USA,2024-04-08,7.995905374,2.683,3.059051279,0.294933,29.4933,0.333000473,7.97876384,0.019637462,1.963746224,0.253355705,0.447427293,0.3340625,3.624479167,0.140209441,4.467715721,TRUE
google/recurrentgemma-9b,google/recurrentgemma-9b,USA,2024-06-07,13.70946086,9,26.087377,0.311594347,31.15943474,0.395625687,15.32336889,0.066465257,6.64652568,0.285234899,4.697986577,0.380260417,6.59921875,0.260472074,17.8302305,TRUE
google/recurrentgemma-9b-it,google/recurrentgemma-9b-it,USA,2024-06-07,19.21811501,9,15.12775845,0.501038356,50.1038356,0.436718965,21.62158008,0.066465257,6.64652568,0.270134228,2.684563758,0.43790625,13.77161458,0.284325133,20.48057033,TRUE
google/switch-base-8,google/switch-base-8,USA,2022-10-24,3.295950268,0.62,0.293405868,0.158520503,15.85205034,0.287631327,1.702478105,0,0,0.25,0,0.351739583,1.133333333,0.109790559,1.087839835,TRUE
google/umt5-base,google/umt5-base,USA,2023-07-02,3.516574726,-1,1.336092089,0.174632198,17.46321981,0.278772623,0.813553179,0.004531722,0.453172205,0.254194631,0.559284116,0.33821875,0.944010417,0.107795878,0.866208629,TRUE
gpt2,gpt2,USA,2022-03-02,6.391029731,0.137,0.323928012,0.193416801,19.34168008,0.30363854,2.714297847,0.003021148,0.302114804,0.260067114,1.342281879,0.432416667,12.98541667,0.114943484,1.660387116,TRUE
gpt2,gpt2,USA,2022-03-02,5.977736928,0.137,0.039245173,0.083333333,8.333333333,0.308333333,9.199754902,0,0,0.233333333,0,0.433333333,18.33333333,0.1,0,TRUE
gradientai/Llama-3-8B-Instruct-Gradient-1048k,gradientai/Llama-3-8B-Instruct-Gradient-1048k,USA,2024-04-29,18.28333398,8.03,1.774328974,0.445558895,44.55588948,0.434590311,21.01052899,0.053625378,5.362537764,0.277684564,3.691275168,0.42975,13.51875,0.294049202,21.56102246,TRUE
HuggingFaceTB/SmolLM-1.7B,HuggingFaceTB/SmolLM-1.7B,USA,2024-07-14,5.576455936,1.71,0.648614513,0.236156731,23.61567308,0.318051654,4.411127852,0.016616314,1.66163142,0.241610738,0,0.34209375,2.128385417,0.114777261,1.641917849,TRUE
HuggingFaceTB/SmolLM-135M,HuggingFaceTB/SmolLM-135M,USA,2024-07-14,6.951489892,0.13,0.686755015,0.21247623,21.24762297,0.304605426,3.285399822,0.013595166,1.359516616,0.258389262,1.118568233,0.436604167,13.3421875,0.112200798,1.355644208,TRUE
HuggingFaceTB/SmolLM2-1.7B,HuggingFaceTB/SmolLM2-1.7B,USA,2024-10-30,9.583621042,1.71,0.650051982,0.244000363,24.40003635,0.345259438,9.30178846,0.026435045,2.643504532,0.279362416,3.914988814,0.348541667,4.601041667,0.213763298,12.64036643,TRUE
HuggingFaceTB/SmolLM2-135M,HuggingFaceTB/SmolLM2-135M,USA,2024-10-31,5.695927393,0.135,0.677924435,0.181776575,18.1776575,0.304423425,3.708077587,0.012084592,1.208459215,0.248322148,0,0.411177083,10.03046875,0.109458112,1.0509013,TRUE
HuggingFaceTB/SmolLM2-360M,HuggingFaceTB/SmolLM2-360M,USA,2024-10-31,6.251282351,0.36,0.773315619,0.21145228,21.145228,0.323347804,5.543603155,0.012084592,1.208459215,0.245805369,0,0.395427083,7.728385417,0.116938165,1.882018322,TRUE
HuggingFaceTB/SmolLM2-360M-Instruct,HuggingFaceTB/SmolLM2-360M-Instruct,USA,2024-10-31,3.10001954,0.362,0.392381869,0.083031911,8.303191089,0.30527034,3.299047329,0.008308157,0.83081571,0.265100671,2.013422819,0.34228125,2.751822917,0.112616356,1.401817376,TRUE
HuggingFaceTB/SmolLM2-360M-Instruct,HuggingFaceTB/SmolLM2-360M-Instruct,USA,2024-10-31,8.139566424,0.36,0.751638542,0.384159585,38.41595855,0.314350505,4.173863636,0.01510574,1.510574018,0.255033557,0.67114094,0.346125,2.765625,0.111702128,1.300236407,TRUE
HuggingFaceTB/SmolLM-360M,HuggingFaceTB/SmolLM-360M,USA,2024-07-14,6.260888857,0.36,0.730519064,0.213350576,21.33505765,0.306451603,3.284915303,0.011329305,1.132930514,0.26761745,2.348993289,0.40178125,8.089322917,0.112367021,1.374113475,TRUE
ibm/PowerLM-3b,ibm/PowerLM-3b,USA,2024-08-14,11.52407922,3.512,1.121176518,0.332127644,33.21276435,0.367945672,12.02206036,0.036253776,3.625377644,0.275167785,3.355704698,0.356291667,5.636458333,0.201628989,11.29210993,TRUE
ibm-granite/granite-3.0-1b-a400m-base,ibm-granite/granite-3.0-1b-a400m-base,USA,2024-10-03,6.030789973,1.335,3.706138661,0.240403241,24.04032412,0.322120553,6.055007672,0.026435045,2.643504532,0.247483221,0,0.336729167,1.7578125,0.115192819,1.688091017,TRUE
ibm-granite/granite-3.0-2b-base,ibm-granite/granite-3.0-2b-base,USA,2024-10-02,14.09578487,2.634,1.571160001,0.387382146,38.7382146,0.404748056,17.56374973,0.054380665,5.438066465,0.280201342,4.026845638,0.343427083,3.46171875,0.238115027,15.34611407,TRUE
ibm-granite/granite-3.0-3b-a800m-base,ibm-granite/granite-3.0-3b-a800m-base,USA,2024-10-03,9.489841451,3.374,5.293744936,0.273226151,27.32261511,0.36674975,11.34844242,0.048338369,4.833836858,0.251677852,0.223713647,0.34196875,3.312760417,0.189079122,9.89768026,TRUE
ibm-granite/granite-3.0-8b-base,ibm-granite/granite-3.0-8b-base,USA,2024-10-02,21.6909244,8.171,2.82003178,0.458348294,45.83482936,0.494376064,27.9743583,0.101208459,10.12084592,0.325503356,10.06711409,0.408135417,10.45026042,0.331283245,25.6981383,TRUE
ibm-granite/granite-3.1-1b-a400m-base,ibm-granite/granite-3.1-1b-a400m-base,USA,2024-12-06,6.312391508,1.335,2.246823675,0.251943732,25.19437315,0.329869955,6.429845005,0.027190332,2.719033233,0.251677852,0.223713647,0.3500625,1.7578125,0.113946144,1.549571513,TRUE
ibm-granite/granite-3.1-2b-base,ibm-granite/granite-3.1-2b-base,USA,2024-12-06,13.20282626,2.534,0.988442713,0.352161155,35.21611546,0.404718803,16.84368985,0.056646526,5.664652568,0.277684564,3.691275168,0.348572917,3.904947917,0.225066489,13.8962766,TRUE
ibm-granite/granite-3.1-3b-a800m-base,ibm-granite/granite-3.1-3b-a800m-base,USA,2024-12-06,10.00105159,3.299,3.245621007,0.299629428,29.96294277,0.362822992,11.9056052,0.045317221,4.531722054,0.277684564,3.691275168,0.327520833,1.106770833,0.179271941,8.807993499,TRUE
ibm-granite/granite-3.1-8b-base,ibm-granite/granite-3.1-8b-base,USA,2024-12-06,20.05719992,8.171,1.197385115,0.422103352,42.21033524,0.477695668,26.01958867,0.094410876,9.441087613,0.321308725,9.507829978,0.392229167,8.361979167,0.32322141,24.80237884,TRUE
ibm-granite/granite-7b-base,ibm-granite/granite-7b-base,USA,2024-04-19,7.90870193,6.738,1.305247677,0.241427191,24.1427191,0.348043727,9.050800003,0.015861027,1.586102719,0.245805369,0,0.355489583,3.402864583,0.183427527,9.269725177,TRUE
IDEA-CCNL/Ziya-LLaMA-13B-v1,IDEA-CCNL/Ziya-LLaMA-13B-v1,China,2023-05-16,3.906424839,13,2.216514861,0.169686432,16.9686432,0.287702924,1.463617046,0,0,0.249161074,0,0.375052083,3.881510417,0.110123005,1.124778369,TRUE
Intel/neural-chat-7b-v3-2,Intel/neural-chat-7b-v3-2,USA,2023-11-21,21.47141117,7,1.120882969,0.498839745,49.88397452,0.503222683,30.23745797,0.047583082,4.758308157,0.290268456,5.369127517,0.489520833,20.05677083,0.266705452,18.52282801,TRUE
internlm/internlm2_5-1_8b-chat,internlm/internlm2_5-1_8b-chat,USA,2024-07-30,14.74984214,1.89,1.543331295,0.384908709,38.49087089,0.448892679,21.03092694,0.158610272,15.86102719,0.290268456,5.369127517,0.359395833,4.424479167,0.12990359,3.322621158,TRUE
internlm/internlm2_5-20b-chat,internlm/internlm2_5-20b-chat,USA,2024-07-30,38.87959582,19.86,7.465415743,0.700997797,70.0997797,0.747358053,62.83245915,0.407854985,40.78549849,0.321308725,9.507829978,0.455822917,16.74453125,0.399767287,33.30747636,TRUE
internlm/internlm2_5-7b-chat,internlm/internlm2_5-7b-chat,USA,2024-06-27,32.97474767,7.738,3.003415539,0.553869289,55.3869289,0.707317992,57.04314321,0.253021148,25.3021148,0.347315436,12.9753915,0.459385417,16.28984375,0.377659574,30.85106383,TRUE
internlm/internlm2-1_8b,internlm/internlm2-1_8b,USA,2024-01-30,8.748129853,8,1.327291034,0.21977021,21.97702097,0.38797328,13.63385797,0.021148036,2.114803625,0.248322148,0,0.38128125,8.226822917,0.158826463,6.536273641,TRUE
internlm/internlm2-7b,internlm/internlm2-7b,USA,2024-01-12,17.92336612,0,1.039542409,0.22803681,22.80368098,0.5825,40.27619826,0.085714286,8.571428571,0.336666667,11.55555556,0.44,14.33333333,0.19,10,TRUE
internlm/internlm2-chat-1_8b,internlm/internlm2-chat-1_8b,USA,2024-01-30,10.64180045,1.889,1.192845125,0.238654548,23.86545477,0.445227166,20.67235743,0.032477341,3.247734139,0.265939597,2.125279642,0.363052083,4.61484375,0.183926197,9.325132979,TRUE
kyutai/helium-1-preview-2b,kyutai/helium-1-preview-2b,Japan,2025-01-13,9.3291436,2.173,0.688161561,0.261360967,26.13609667,0.363816482,10.94513967,0.013595166,1.359516616,0.27852349,3.803131991,0.354958333,4.036458333,0.187250665,9.694518322,TRUE
LLM360/K2,LLM360/K2,China,2024-04-17,14.64375329,65.286,17.67641284,0.225215761,22.52157608,0.497183568,28.22040283,0.027190332,2.719033233,0.276845638,3.579418345,0.398,8.55,0.300448803,22.27208924,TRUE
LLM360/K2-Chat,LLM360/K2-Chat,China,2024-05-22,24.38714515,65.286,34.51965613,0.515176399,51.51763986,0.535809963,33.79382924,0.10347432,10.34743202,0.306208054,7.494407159,0.457,16.825,0.337101064,26.34456265,TRUE
lmsys/vicuna-13b-v1.3,lmsys/vicuna-13b-v1.3,USA,2023-06-18,10.43553368,13,2.188465811,0.334350634,33.43506341,0.338439931,7.489789312,0.014350453,1.435045317,0.26761745,2.348993289,0.372729167,4.091145833,0.224318484,13.81316489,TRUE
lmsys/vicuna-7b-v1.3,lmsys/vicuna-7b-v1.3,USA,2023-06-18,8.525809192,7,1.126756406,0.290861581,29.08615806,0.329841001,6.461378796,0.012839879,1.283987915,0.242449664,0,0.379333333,5.016666667,0.183759973,9.306663712,TRUE
lmsys/vicuna-7b-v1.5,lmsys/vicuna-7b-v1.5,USA,2023-07-29,10.88515231,7,1.20543621,0.235157161,23.51571608,0.394704368,15.15250931,0.013595166,1.359516616,0.258389262,1.118568233,0.423114583,11.42265625,0.214677527,12.7419474,TRUE
meta-llama/Llama-2-13b-chat-hf,meta-llama/Llama-2-13b-chat-hf,USA,2023-07-13,11.12963533,13.016,1.749139016,0.398472719,39.84727191,0.334273671,7.155379969,0.013595166,1.359516616,0.231543624,0,0.400729167,8.1578125,0.192320479,10.25783097,TRUE
meta-llama/Llama-2-13b-hf,meta-llama/Llama-2-13b-hf,USA,2023-07-13,11.06518598,13.016,2.224760313,0.248246874,24.82468739,0.412562422,17.22255983,0.01510574,1.510574018,0.281040268,4.138702461,0.35375,3.385416667,0.23778258,15.30917553,TRUE
meta-llama/Llama-2-70b-chat-hf,meta-llama/Llama-2-70b-chat-hf,USA,2023-07-14,13.07369578,68.977,45.79691011,0.495792276,49.57922756,0.304247415,4.613767083,0.029456193,2.945619335,0.264261745,1.901565996,0.368666667,3.483333333,0.243267952,15.91866135,TRUE
meta-llama/Llama-2-70b-hf,meta-llama/Llama-2-70b-hf,USA,2023-07-11,18.37259861,68.977,59.24249323,0.240678068,24.06780675,0.547259119,35.90006186,0.032477341,3.247734139,0.302852349,7.046979866,0.412354167,9.777604167,0.371758644,30.19540485,TRUE
meta-llama/Llama-2-7b-chat-hf,meta-llama/Llama-2-7b-chat-hf,USA,2023-07-13,9.609483264,6.738,1.791392746,0.39864781,39.864781,0.311354636,4.459171646,0.019637462,1.963746224,0.253355705,0.447427293,0.367552083,3.27734375,0.168799867,7.644429669,TRUE
meta-llama/Llama-2-7b-hf,meta-llama/Llama-2-7b-hf,USA,2023-07-13,8.806357597,6.738,1.126189126,0.251893864,25.18938638,0.349619582,10.35141666,0.017371601,1.737160121,0.266778523,2.237136465,0.3700625,3.7578125,0.186087101,9.565233452,TRUE
meta-llama/Llama-3.1-8B,meta-llama/Llama-3.1-8B,USA,2024-07-14,14.42086519,8.03,1.426487162,0.124598288,12.45982881,0.465959054,25.30447063,0.06570997,6.570996979,0.310402685,8.053691275,0.3811875,8.715104167,0.328789894,25.42109929,TRUE
meta-llama/Llama-3.2-1B,meta-llama/Llama-3.2-1B,USA,2024-09-18,4.195140014,1.24,0.838257036,0.147779004,14.77790042,0.31149541,4.366029657,0.012084592,1.208459215,0.228187919,0,0.344729167,2.5578125,0.120345745,2.260638298,TRUE
meta-llama/Llama-3.2-1B-Instruct,meta-llama/Llama-3.2-1B-Instruct,USA,2024-09-18,14.44312633,1.24,0.80980905,0.569831381,56.98313807,0.349684981,8.742521312,0.070241692,7.024169184,0.275167785,3.355704698,0.332854167,2.9734375,0.168218085,7.579787234,TRUE
meta-llama/Llama-3.2-3B,meta-llama/Llama-3.2-3B,USA,2024-09-18,8.697822717,3.213,2.013735283,0.133740697,13.37406969,0.390511712,14.23266488,0.018882175,1.888217523,0.26761745,2.348993289,0.35771875,3.81484375,0.248753324,16.52814716,TRUE
meta-llama/Llama-3.2-3B-Instruct,meta-llama/Llama-3.2-3B-Instruct,USA,2024-09-18,24.20465081,3.213,1.927961709,0.739316126,73.93161257,0.461007024,24.05918645,0.17673716,17.67371601,0.27852349,3.803131991,0.352854167,1.3734375,0.319481383,24.38682033,TRUE
meta-llama/Meta-Llama-3.1-70B,meta-llama/Meta-Llama-3.1-70B,USA,2024-07-14,26.20021584,70.554,13.60185203,0.168437524,16.84375235,0.626006918,46.39941296,0.18429003,18.42900302,0.387583893,18.34451902,0.4571875,16.58177083,0.465425532,40.60283688,TRUE
meta-llama/Meta-Llama-3.1-8B,meta-llama/Meta-Llama-3.1-8B,USA,2024-07-14,13.86906626,8.03,3.598523004,0.12699637,12.69963696,0.466613656,25.29477985,0.051359517,5.135951662,0.29614094,6.15212528,0.382520833,8.981770833,0.324551197,24.95013298,TRUE
meta-llama/Meta-Llama-3-70B,meta-llama/Meta-Llama-3-70B,USA,2024-04-17,26.70535017,70.554,46.81437156,0.160319065,16.03190645,0.64610746,48.70981265,0.185800604,18.58006042,0.397651007,19.68680089,0.451822917,16.01119792,0.470910904,41.2123227,TRUE
meta-llama/Meta-Llama-3-8B,meta-llama/Meta-Llama-3-8B,USA,2024-04-17,13.62685707,8.03,1.745136995,0.145506146,14.55061459,0.45979052,24.5007638,0.045317221,4.531722054,0.305369128,7.382550336,0.36140625,6.242447917,0.320977394,24.55304374,TRUE
meta-llama/Meta-Llama-3-8B-Instruct,meta-llama/Meta-Llama-3-8B-Instruct,USA,2024-04-17,23.90873569,8.03,0.797499678,0.74083986,74.08398605,0.498871111,28.24494958,0.086858006,8.685800604,0.259228188,1.230425056,0.356822917,1.602864583,0.366439495,29.6043883,TRUE
meta-llama/Meta-Llama-3-8B-Instruct,meta-llama/Meta-Llama-3-8B-Instruct,USA,2024-04-17,20.60915945,8.03,1.898946514,0.478232202,47.82322017,0.491026418,26.7952835,0.091389728,9.13897281,0.292785235,5.704697987,0.380541667,5.401041667,0.359125665,28.79174054,TRUE
microsoft/DialoGPT-medium,microsoft/DialoGPT-medium,USA,2022-03-02,5.251433607,0.345,0.25892897,0.147904227,14.79042274,0.301415638,2.556855772,0,0,0.254194631,0.559284116,0.428666667,12.28333333,0.111868351,1.318705674,TRUE
microsoft/Orca-2-13b,microsoft/Orca-2-13b,USA,2023-11-14,18.50187109,13,2.017163399,0.312793388,31.27933882,0.488448973,27.3080195,0.031722054,3.172205438,0.280201342,4.026845638,0.51296875,25.78776042,0.274933511,19.43705674,TRUE
microsoft/Orca-2-7b,microsoft/Orca-2-7b,USA,2023-11-14,14.40483008,7,1.810670497,0.21834621,21.83462103,0.445213227,22.4294684,0.019637462,1.963746224,0.26090604,1.454138702,0.502614583,24.09348958,0.231881649,14.65351655,TRUE
microsoft/phi-1,microsoft/phi-1,USA,2023-09-10,5.574318195,1.418,0.572458495,0.20680572,20.68057199,0.313947559,4.273999212,0.009818731,0.981873112,0.265100671,2.013422819,0.352510417,3.697135417,0.11619016,1.798906619,TRUE
microsoft/phi-1_5,microsoft/phi-1_5,USA,2023-09-10,7.170966846,1.418,0.681724138,0.203283953,20.32839532,0.335975832,7.46893877,0.018126888,1.812688822,0.26761745,2.348993289,0.340416667,3.385416667,0.169132314,7.681368203,TRUE
microsoft/phi-2,microsoft/phi-2,USA,2023-12-13,15.53429156,2.78,0.847041965,0.273875539,27.38755391,0.488120877,28.03851929,0.029456193,2.945619335,0.271812081,2.908277405,0.409895833,13.83697917,0.262799202,18.08880024,TRUE
microsoft/Phi-3.5-mini-instruct,microsoft/Phi-3.5-mini-instruct,USA,2024-08-16,28.18439119,3.821,7.392008605,0.577450055,57.74500547,0.551778513,36.74585391,0.196374622,19.63746224,0.339765101,11.96868009,0.402125,10.09895833,0.396193484,32.91038712,TRUE
microsoft/Phi-3.5-MoE-instruct,microsoft/Phi-3.5-MoE-instruct,USA,2024-08-17,36.87896472,42,9.264557228,0.692454909,69.24549085,0.640762565,48.77464636,0.311933535,31.19335347,0.355704698,14.09395973,0.456479167,17.3265625,0.465757979,40.63977541,TRUE
microsoft/Phi-3-medium-128k-instruct,microsoft/Phi-3-medium-128k-instruct,USA,2024-05-07,32.02635618,13.96,3.895117489,0.604002934,60.40029344,0.638232253,48.46045127,0.1918429,19.18429003,0.336409396,11.5212528,0.412947917,11.35182292,0.471160239,41.2400266,TRUE
microsoft/Phi-3-medium-4k-instruct,microsoft/Phi-3-medium-4k-instruct,USA,2024-05-07,33.09765944,13.96,2.910525047,0.642271395,64.22713955,0.641246489,49.38061007,0.195619335,19.56193353,0.336409396,11.5212528,0.42575,13.05208333,0.467586436,40.84293735,TRUE
microsoft/Phi-3-mini-128k-instruct,microsoft/Phi-3-mini-128k-instruct,USA,2024-04-22,26.34380993,3.821,48.44450319,0.597633169,59.76331689,0.557453179,37.09976663,0.140483384,14.04833837,0.31795302,9.060402685,0.3936875,7.7109375,0.373420878,30.38009752,TRUE
microsoft/Phi-3-mini-4k-instruct,microsoft/Phi-3-mini-4k-instruct,USA,2024-04-22,25.96773264,3.821,0.80407483,0.561288492,56.12884923,0.567597263,39.26933524,0.116314199,11.63141994,0.319630872,9.284116331,0.395020833,7.644270833,0.386635638,31.84840426,TRUE
microsoft/Phi-3-mini-4k-instruct,microsoft/Phi-3-mini-4k-instruct,USA,2024-04-22,27.56217404,3.821,1.573398531,0.547674614,54.76746145,0.549071892,36.55985531,0.163897281,16.3897281,0.332214765,10.96196868,0.428416667,13.11875,0.402177527,33.57528073,TRUE
microsoft/Phi-3-small-128k-instruct,microsoft/Phi-3-small-128k-instruct,USA,2024-05-07,31.96780316,7.392,3.89802426,0.636825844,63.68258443,0.620217678,45.63406964,0.202608696,20.26086957,0.317114094,8.948545861,0.43784375,14.49713542,0.449052527,38.78361407,TRUE
microsoft/Phi-3-small-8k-instruct,microsoft/Phi-3-small-8k-instruct,USA,2024-05-07,32.34201367,7.392,2.050907207,0.649665111,64.96651108,0.620836488,46.20557037,0.188695652,18.86956522,0.312080537,8.277404922,0.455791667,16.77395833,0.450631649,38.9590721,TRUE
microsoft/phi-4,microsoft/phi-4,USA,2024-12-11,29.48341679,14.66,0.878361822,0.048785002,4.878500157,0.670346463,52.57567157,0.278700906,27.87009063,0.401006711,20.13422819,0.503354167,23.71927083,0.529504654,47.72273936,TRUE
microsoft/phi-4,microsoft/phi-4,USA,2024-12-11,30.35812781,14.66,2.773159566,0.058526931,5.852693077,0.669056231,52.42784846,0.316465257,31.64652568,0.406040268,20.80536913,0.503354167,23.7859375,0.528673537,47.63039303,TRUE
mistralai/Codestral-22B-v0.1,mistralai/Codestral-22B-v0.1,France,2024-05-29,23.27991741,22.247,2.613339122,0.577175228,57.71752284,0.513913692,30.73763441,0.100453172,10.04531722,0.298657718,6.487695749,0.418708333,10.73854167,0.315575133,23.95279255,TRUE
mistralai/Ministral-8B-Instruct-2410,mistralai/Ministral-8B-Instruct-2410,France,2024-10-15,24.18560314,8.02,1.594172784,0.589639933,58.96399332,0.47616402,25.82477441,0.195619335,19.56193353,0.284395973,4.586129754,0.41375,10.71875,0.32912234,25.45803783,TRUE
mistralai/Mistral-7B-Instruct-v0.2,mistralai/Mistral-7B-Instruct-v0.2,France,2023-12-11,18.50789159,7.242,1.068813258,0.549622779,54.96227787,0.445973552,22.91060194,0.03021148,3.021148036,0.276006711,3.467561521,0.396604167,7.608854167,0.271692154,19.07690603,TRUE
mistralai/Mistral-7B-v0.1,mistralai/Mistral-7B-v0.1,France,2023-09-20,14.57535892,7.242,0.778073529,0.238554812,23.85548123,0.441940115,22.0182554,0.029456193,2.945619335,0.291946309,5.592841163,0.4139375,10.67552083,0.30127992,22.36443558,TRUE
mistralai/Mistral-7B-v0.3,mistralai/Mistral-7B-v0.3,France,2024-05-22,14.22976059,7.248,0.762908905,0.22663976,22.66397603,0.451685463,24.03725427,0.03021148,3.021148036,0.291946309,5.592841163,0.403177083,8.363802083,0.295295878,21.69954196,TRUE
mistralai/Mistral-Large-Instruct-2411,mistralai/Mistral-Large-Instruct-2411,France,2024-11-14,46.52421436,122.61,52.54461046,0.840057714,84.00577135,0.674664774,52.744892,0.495468278,49.54682779,0.437080537,24.94407159,0.454,17.21666667,0.556183511,50.68705674,TRUE
mistralai/Mistral-Nemo-Base-2407,mistralai/Mistral-Nemo-Base-2407,France,2024-07-18,15.23935604,11.58,3.40599091,0.162991972,16.29919724,0.5035062,29.37473644,0.059667674,5.966767372,0.293624161,5.81655481,0.392135417,6.516927083,0.34715758,27.46195331,TRUE
mistralai/Mistral-Small-24B-Base-2501,mistralai/Mistral-Small-24B-Base-2501,France,2025-01-23,27.19513019,23.572,4.275624553,0.167238483,16.72384828,0.644186035,48.53757597,0.197129909,19.71299094,0.387583893,18.34451902,0.423666667,10.89166667,0.540641622,48.96018026,TRUE
mistralai/Mistral-Small-Instruct-2409,mistralai/Mistral-Small-Instruct-2409,France,2024-09-17,26.26274898,22.05,1.379337509,0.666975846,66.69758463,0.52130751,30.79209609,0.143504532,14.35045317,0.323825503,9.843400447,0.363208333,3.001041667,0.396027261,32.89191785,TRUE
mistralai/Mistral-Small-Instruct-2409,mistralai/Mistral-Small-Instruct-2409,France,2024-09-17,29.9189475,22.247,3.220014976,0.628282956,62.82829559,0.583028385,40.55971303,0.203927492,20.39274924,0.333053691,11.0738255,0.406333333,10.225,0.409906915,34.43410165,TRUE
mistralai/Mixtral-8x22B-v0.1,mistralai/Mixtral-8x22B-v0.1,France,2024-04-16,25.74093628,140.621,157.5657917,0.258263629,25.82636294,0.623980747,45.58840384,0.183534743,18.35347432,0.375838926,16.77852349,0.403697917,7.462239583,0.463929521,40.43661348,TRUE
mistralai/Mixtral-8x7B-v0.1,mistralai/Mixtral-8x7B-v0.1,France,2023-12-01,19.56528101,46.703,23.3778188,0.241526926,24.15269263,0.508666744,30.29419492,0.101963746,10.19637462,0.313758389,8.501118568,0.432135417,12.58359375,0.384973404,31.66371158,TRUE
mistralai/Mixtral-8x7B-v0.1,mistralai/Mixtral-8x7B-v0.1,France,2023-12-01,19.66510892,46.703,5.135099855,0.232609476,23.26094762,0.509771138,30.40029927,0.093655589,9.365558912,0.320469799,9.395973154,0.4413125,13.6640625,0.387134309,31.90381206,TRUE
mistral-community/Mistral-7B-v0.2,mistral-community/Mistral-7B-v0.2,France,2024-03-23,14.21536244,7.242,1.106426556,0.22663976,22.66397603,0.451018796,23.95086538,0.03021148,3.021148036,0.291946309,5.592841163,0.403177083,8.363802083,0.295295878,21.69954196,TRUE
mistral-community/Mixtral-8x22B-v0.1,mistral-community/Mixtral-8x22B-v0.1,France,2024-04-10,16.82739015,0,15.17320163,0.316656442,31.66564417,0.38,12.64790305,0.154285714,15.42857143,0.33,10.66666667,0.353333333,1.666666667,0.36,28.88888889,TRUE
mistral-community/mixtral-8x22B-v0.3,mistral-community/mixtral-8x22B-v0.3,France,2024-05-25,25.80199473,140.63,104.9889703,0.258263629,25.82636294,0.625000218,45.7310409,0.183534743,18.35347432,0.377516779,17.00223714,0.403697917,7.462239583,0.463929521,40.43661348,TRUE
mlabonne/Daredevil-8B-abliterated,mlabonne/Daredevil-8B-abliterated,France,2024-05-26,19.68799557,8.03,2.396723763,0.442636649,44.26366485,0.425427252,19.86577711,0.094410876,9.441087613,0.290268456,5.369127517,0.407020833,9.177604167,0.37009641,30.01071217,TRUE
mlabonne/NeuralDaredevil-8B-abliterated,mlabonne/NeuralDaredevil-8B-abliterated,France,2024-05-27,27.18674068,8.03,3.438845827,0.756077208,75.60772085,0.51105665,30.30798586,0.090634441,9.063444109,0.306208054,7.494407159,0.4019375,9.075520833,0.384142287,31.57136525,TRUE
mlabonne/NeuralDaredevil-8B-abliterated,mlabonne/NeuralDaredevil-8B-abliterated,France,2024-05-27,21.49991442,8.03,0.985006752,0.416233372,41.62333719,0.512396406,29.7631984,0.085347432,8.534743202,0.302852349,7.046979866,0.414958333,10.903125,0.380152926,31.12810284,TRUE
mlabonne/phixtral-2x2_8,mlabonne/phixtral-2x2_8,France,2024-01-07,15.55311359,4.458,1.921902134,0.343118481,34.31184812,0.488859419,28.50264486,0.035498489,3.549848943,0.265100671,2.013422819,0.364354167,7.7109375,0.255069814,17.22997931,TRUE
mosaicml/mpt-7b,mosaicml/mpt-7b,USA,2023-05-05,6.032029339,7,1.28700685,0.215199005,21.51990053,0.32997416,6.550600791,0.015861027,1.586102719,0.260067114,1.342281879,0.367239583,2.904947917,0.12059508,2.288342199,TRUE
NousResearch/Nous-Hermes-llama-2-7b,NousResearch/Nous-Hermes-llama-2-7b,Canada,2023-07-25,9.316715939,6.738,5.116114115,0.172907884,17.29078844,0.382393769,13.78941955,0.009063444,0.906344411,0.263422819,1.789709172,0.42571875,11.68151042,0.193982713,10.44252364,TRUE
NousResearch/Yarn-Llama-2-13b-128k,NousResearch/Yarn-Llama-2-13b-128k,Canada,2023-08-30,8.494146677,13,103.8715666,0.165464301,16.54643014,0.382681644,13.50531909,0.017371601,1.737160121,0.258389262,1.118568233,0.34575,3.385416667,0.232047872,14.67198582,TRUE
NousResearch/Yarn-Llama-2-7b-128k,NousResearch/Yarn-Llama-2-7b-128k,Canada,2023-08-31,6.81480068,7,1.679477674,0.14847826,14.84782599,0.324802954,6.144691713,0.01510574,1.510574018,0.260067114,1.342281879,0.396697917,8.25390625,0.179105718,8.789524232,TRUE
NousResearch/Yarn-Llama-2-7b-64k,NousResearch/Yarn-Llama-2-7b-64k,Canada,2023-08-30,7.222883146,7,1.660802652,0.169985638,16.99856381,0.332627787,7.044055414,0.015861027,1.586102719,0.264261745,1.901565996,0.393875,6.934375,0.179853723,8.872635934,TRUE
NousResearch/Yarn-Mistral-7b-128k,NousResearch/Yarn-Mistral-7b-128k,Canada,2023-10-31,13.26875539,7,1.100522064,0.193366933,19.33669331,0.431446771,20.63311244,0.031722054,3.172205438,0.298657718,6.487695749,0.407052083,8.948177083,0.289311835,21.03464835,TRUE
NousResearch/Yarn-Mistral-7b-64k,NousResearch/Yarn-Mistral-7b-64k,Canada,2023-10-31,13.540458,7,1.082320291,0.207954893,20.7954893,0.429319046,20.23020021,0.037009063,3.700906344,0.290268456,5.369127517,0.412385417,9.881510417,0.291389628,21.26551418,TRUE
NousResearch/Yarn-Solar-10b-32k,NousResearch/Yarn-Solar-10b-32k,Canada,2024-01-17,15.72126142,10,2.030195735,0.194215792,19.42157919,0.498685915,28.99482436,0.03021148,3.021148036,0.302852349,7.046979866,0.414645833,10.59739583,0.327210771,25.24564125,TRUE
NousResearch/Yarn-Solar-10b-64k,NousResearch/Yarn-Solar-10b-64k,Canada,2024-01-17,15.16205045,10,1.527505746,0.198886732,19.88867316,0.49219908,28.39571415,0.028700906,2.870090634,0.302013423,6.935123043,0.4014375,9.013020833,0.314827128,23.86968085,TRUE
nvidia/AceInstruct-1.5B,nvidia/AceInstruct-1.5B,USA,2025-01-15,18.11586486,1.777,1.706408296,0.394775861,39.47758614,0.393195814,15.46856104,0.312688822,31.26888218,0.271812081,2.908277405,0.346,2.083333333,0.257396941,17.48854905,TRUE
nvidia/AceInstruct-72B,nvidia/AceInstruct-72B,USA,2025-01-15,40.40502231,72.706,80.78669498,0.711888899,71.18888992,0.613904179,44.20381995,0.626132931,62.61329305,0.321308725,9.507829978,0.420604167,11.87552083,0.487367021,43.04078014,TRUE
nvidia/AceInstruct-7B,nvidia/AceInstruct-7B,USA,2025-01-15,33.05654348,7.616,1.850144664,0.542229063,54.22290633,0.550118131,36.57481399,0.529456193,52.94561934,0.30704698,7.606263982,0.4255,11.6875,0.417719415,35.30215721,TRUE
nvidia/AceMath-1.5B-Instruct,nvidia/AceMath-1.5B-Instruct,USA,2025-01-13,20.18985986,1.777,1.663243327,0.321236541,32.12365413,0.402430127,16.76250959,0.528700906,52.87009063,0.274328859,3.243847875,0.360697917,4.320572917,0.206366356,11.81848404,TRUE
nvidia/AceMath-72B-Instruct,nvidia/AceMath-72B-Instruct,USA,2025-01-14,36.65560439,72.706,88.01123586,0.494993284,49.49932845,0.640215611,48.68777244,0.714501511,71.45015106,0.270973154,2.796420582,0.40615625,9.602864583,0.441073803,37.89708924,TRUE
nvidia/AceMath-72B-RM,nvidia/AceMath-72B-RM,USA,2025-01-14,3.428826721,71.461,150.0007239,0.141259636,14.12596355,0.271742635,1.40350165,0,0,0.234060403,0,0.335145833,3.059895833,0.117852394,1.983599291,TRUE
nvidia/AceMath-7B-Instruct,nvidia/AceMath-7B-Instruct,USA,2025-01-13,30.32749005,7.616,1.977308296,0.453177569,45.31775689,0.499385473,29.99382586,0.633685801,63.36858006,0.291946309,5.592841163,0.419270833,11.20885417,0.338347739,26.48308215,TRUE
nvidia/AceMath-7B-RM,nvidia/AceMath-7B-RM,USA,2025-01-14,3.224390006,7.071,1.354279303,0.149378095,14.93780946,0.242268929,0.251527035,0,0,0.245805369,0,0.358,2.616666667,0.113863032,1.540336879,TRUE
nvidia/Hymba-1.5B-Base,nvidia/Hymba-1.5B-Base,USA,2024-10-09,8.035282134,1.523,18.21582876,0.229512139,22.95121389,0.325647852,7.689941118,0.013595166,1.359516616,0.255872483,0.782997763,0.356635417,5.179427083,0.192237367,10.24859634,TRUE
nvidia/Llama-3.1-Minitron-4B-Depth-Base,nvidia/Llama-3.1-Minitron-4B-Depth-Base,USA,2024-08-13,11.65805114,4.02,0.935381272,0.160693626,16.06936262,0.417070419,19.44410956,0.019637462,1.963746224,0.263422819,1.789709172,0.4010625,10.69947917,0.279837101,19.98190012,TRUE
nvidia/Minitron-4B-Base,nvidia/Minitron-4B-Base,USA,2024-07-19,11.97773706,4,2.378533626,0.22179373,22.17937295,0.408387624,17.21560066,0.019637462,1.963746224,0.269295302,2.572706935,0.413375,9.938541667,0.261968085,17.9964539,TRUE
nvidia/Minitron-8B-Base,nvidia/Minitron-8B-Base,USA,2024-07-19,14.21649077,7.22,2.82504144,0.242426761,24.2426761,0.439506319,22.04079297,0.025679758,2.567975831,0.273489933,3.131991051,0.402552083,9.085677083,0.318068484,24.22983156,TRUE
nvidia/Mistral-NeMo-Minitron-8B-Base,nvidia/Mistral-NeMo-Minitron-8B-Base,USA,2024-08-19,17.69792586,7.88,5.115428507,0.194565974,19.45659738,0.521909809,31.82201516,0.048338369,4.833836858,0.325503356,10.06711409,0.40915625,8.94453125,0.379571144,31.0634604,TRUE
nvidia/Nemotron-Mini-4B-Instruct,nvidia/Nemotron-Mini-4B-Instruct,USA,2024-09-10,18.36351131,4,2.234627576,0.666876111,66.68761109,0.38648408,14.20382518,0.025679758,2.567975831,0.280201342,4.026845638,0.376729167,4.624479167,0.262632979,18.07033097,TRUE
openai-community/gpt2,openai-community/gpt2,USA,2022-03-02,6.510807088,0.137,0.085941257,0.17925327,17.92532702,0.303571124,2.674981368,0.002265861,0.226586103,0.258389262,1.118568233,0.447052083,15.34817708,0.115940824,1.771202719,TRUE
openai-community/gpt2,openai-community/gpt2,USA,2022-03-02,6.334235418,0.137,0.23477379,0.177954494,17.79544941,0.301658011,2.81591131,0.005287009,0.528700906,0.258389262,1.118568233,0.439020833,13.9109375,0.116522606,1.835845154,TRUE
openai-community/gpt2-large,openai-community/gpt2-large,USA,2022-03-02,5.567707193,0.812,0.360924477,0.2047822,20.47822001,0.306884188,3.253790545,0.012084592,1.208459215,0.259228188,1.230425056,0.378864583,5.658072917,0.114195479,1.577275414,TRUE
openai-community/gpt2-medium,openai-community/gpt2-medium,USA,2022-03-02,5.902340287,0.38,0.24212383,0.220844027,22.08440272,0.305028023,2.719972238,0.00755287,0.755287009,0.262583893,1.677852349,0.388447917,6.155989583,0.11818484,2.020537825,TRUE
openai-community/gpt2-xl,openai-community/gpt2-xl,USA,2022-03-02,5.093480679,1.608,0.4306274,0.203857986,20.38579857,0.300857611,2.580960647,0.009818731,0.981873112,0.258389262,1.118568233,0.370958333,4.036458333,0.113115027,1.457225177,TRUE
OpenAssistant/oasst-sft-1-pythia-12b,OpenAssistant/oasst-sft-1-pythia-12b,Germany,2023-03-09,3.681830493,12,1.776114474,0.105538859,10.55388591,0.314662876,4.778508799,0.01510574,1.510574018,0.257550336,1.006711409,0.332697917,2.987239583,0.111286569,1.254063239,TRUE
openchat/openchat_3.5,openchat/openchat_3.5,China,2023-10-30,21.63582711,7,1.002421182,0.593111832,59.31118322,0.442631969,21.58216685,0.072507553,7.250755287,0.298657718,6.487695749,0.422864583,11.25807292,0.315325798,23.92508865,TRUE
openchat/openchat_v3.2,openchat/openchat_v3.2,China,2023-07-30,13.83314555,13,10.6049101,0.298055825,29.80558252,0.433056428,20.323003,0.012839879,1.283987915,0.270134228,2.684563758,0.433625,13.103125,0.2421875,15.79861111,TRUE
openchat/openchat_v3.2_super,openchat/openchat_v3.2_super,China,2023-09-04,12.923575,13,10.05538724,0.286190641,28.61906408,0.422120898,19.15353959,0.021148036,2.114803625,0.264261745,1.901565996,0.416135417,9.916927083,0.242519947,15.83554965,TRUE
Open-Orca/Mistral-7B-OpenOrca,Open-Orca/Mistral-7B-OpenOrca,France,2023-09-29,17.72165111,7,1.067159687,0.497765928,49.77659277,0.476817352,25.8400254,0.035498489,3.549848943,0.271812081,2.908277405,0.38578125,5.889322917,0.265292553,18.36583924,TRUE
PrimeIntellect/INTELLECT-1,PrimeIntellect/INTELLECT-1,USA,2024-11-28,3.806301802,10.211,0.995317657,0.175731504,17.57315035,0.275980078,1.043500158,0,0,0.253355705,0.447427293,0.3339375,2.408854167,0.11228391,1.364878842,TRUE
PrimeIntellect/INTELLECT-1,PrimeIntellect/INTELLECT-1,USA,2024-11-28,4.016002158,10.211,1.992768235,0.175731504,17.57315035,0.273980078,1.043500158,0,0,0.25,0,0.375270833,4.1421875,0.112034574,1.337174941,TRUE
PygmalionAI/pygmalion-6b,PygmalionAI/pygmalion-6b,USA,2023-01-07,5.430124009,6,63.84623856,0.209104066,20.91040661,0.319889446,5.089577144,0.008308157,0.83081571,0.249161074,0,0.368354167,3.7109375,0.118351064,2.039007092,TRUE
Qwen/Qwen1.5-0.5B,Qwen/Qwen1.5-0.5B,China,2024-01-22,5.351015074,0.62,1.957474747,0.170560779,17.05607787,0.315353866,5.035475837,0.017371601,1.737160121,0.254194631,0.559284116,0.361625,4.303125,0.130734707,3.414967494,TRUE
Qwen/Qwen1.5-0.5B-Chat,Qwen/Qwen1.5-0.5B-Chat,China,2024-01-31,5.678162091,0.62,1.099488781,0.180727137,18.07271373,0.316666215,4.318032637,0.006797583,0.679758308,0.269295302,2.572706935,0.383708333,6.063541667,0.121259973,2.362219267,TRUE
Qwen/Qwen1.5-1.8B,Qwen/Qwen1.5-1.8B,China,2024-01-22,9.269492522,1.837,1.897741573,0.215423964,21.5423964,0.347612156,9.759901588,0.031722054,3.172205438,0.305369128,7.382550336,0.360510417,3.963802083,0.188164894,9.796099291,TRUE
Qwen/Qwen1.5-1.8B-Chat,Qwen/Qwen1.5-1.8B-Chat,China,2024-01-30,9.257783499,1.837,1.128657715,0.201909821,20.19098215,0.325591288,5.908662878,0.019637462,1.963746224,0.297818792,6.375838926,0.42596875,12.17942708,0.180352394,8.928043735,TRUE
Qwen/Qwen1.5-110B,Qwen/Qwen1.5-110B,China,2024-04-25,29.8336775,111.21,142.5417769,0.342194267,34.21942668,0.609996498,44.28047655,0.246978852,24.6978852,0.352348993,13.64653244,0.44084375,13.70546875,0.536070479,48.45227541,TRUE
Qwen/Qwen1.5-110B-Chat,Qwen/Qwen1.5-110B-Chat,China,2024-04-25,33.1271529,111.21,145.1305861,0.593886444,59.38864435,0.618380039,44.98454526,0.234138973,23.41389728,0.341442953,12.19239374,0.452166667,16.2875,0.482463431,42.49593676,TRUE
Qwen/Qwen1.5-14B,Qwen/Qwen1.5-14B,China,2024-01-22,20.85408006,14.167,3.850981173,0.290536887,29.05368866,0.508032749,30.06310328,0.202416918,20.24169184,0.294463087,5.928411633,0.418645833,10.4640625,0.364361702,29.37352246,TRUE
Qwen/Qwen1.5-14B-Chat,Qwen/Qwen1.5-14B-Chat,China,2024-01-30,23.56610648,14.167,2.67693202,0.476808202,47.68082022,0.522858751,32.7564793,0.152567976,15.25679758,0.270134228,2.684563758,0.439979167,13.93072917,0.361785239,29.08724882,TRUE
Qwen/Qwen1.5-32B,Qwen/Qwen1.5-32B,China,2024-04-01,27.29875586,32.512,119.9343188,0.329729562,32.9729562,0.571539056,38.98035163,0.302870091,30.28700906,0.329697987,10.62639821,0.427791667,12.040625,0.449966755,38.88519504,TRUE
Qwen/Qwen1.5-32B-Chat,Qwen/Qwen1.5-32B-Chat,China,2024-04-03,29.25746823,32.512,92.11889946,0.553219901,55.3219901,0.606689976,44.55485402,0.195619335,19.56193353,0.306208054,7.494407159,0.415979167,10.19739583,0.445728059,38.41422872,TRUE
Qwen/Qwen1.5-4B,Qwen/Qwen1.5-4B,China,2024-01-22,11.76818276,3.95,3.277364334,0.244474661,24.44746606,0.405389703,16.24914258,0.052870091,5.287009063,0.276845638,3.579418345,0.360447917,4.82265625,0.246010638,16.22340426,TRUE
Qwen/Qwen1.5-4B-Chat,Qwen/Qwen1.5-4B-Chat,China,2024-01-30,12.62728011,3.95,1.732301296,0.315665767,31.56657668,0.400554856,16.29707853,0.027945619,2.794561934,0.266778523,2.237136465,0.39778125,7.355989583,0.239611037,15.51233747,TRUE
Qwen/Qwen1.5-7B,Qwen/Qwen1.5-7B,China,2024-01-22,16.02467416,7.721,3.654708108,0.268429988,26.8429988,0.455989641,23.07576875,0.092900302,9.290030211,0.298657718,6.487695749,0.410333333,9.158333333,0.291638963,21.29321809,TRUE
Qwen/Qwen1.5-7B-Chat,Qwen/Qwen1.5-7B-Chat,China,2024-01-30,17.62098663,7.721,2.157653193,0.437115742,43.71157418,0.451005312,22.3791296,0.062688822,6.268882175,0.302852349,7.046979866,0.37790625,4.63828125,0.295129654,21.6810727,TRUE
Qwen/Qwen1.5-MoE-A2.7B,Qwen/Qwen1.5-MoE-A2.7B,China,2024-02-29,13.94592011,14.316,19.09122579,0.265982039,26.59820388,0.411351543,18.8378585,0.092900302,9.290030211,0.259228188,1.230425056,0.40134375,7.96796875,0.277759309,19.75103428,TRUE
Qwen/Qwen1.5-MoE-A2.7B-Chat,Qwen/Qwen1.5-MoE-A2.7B-Chat,China,2024-03-14,15.88089986,14.316,17.80394308,0.379538513,37.95385134,0.427208862,20.0418189,0.063444109,6.344410876,0.274328859,3.243847875,0.389875,6.334375,0.292303856,21.36709515,TRUE
Qwen/Qwen2.5-0.5B,Qwen/Qwen2.5-0.5B,China,2024-09-15,6.550067614,0.5,2.330685258,0.162717146,16.27171461,0.327481482,6.953961635,0.039274924,3.927492447,0.246644295,0,0.343333333,2.083333333,0.190575133,10.06390366,TRUE
Qwen/Qwen2.5-1.5B,Qwen/Qwen2.5-1.5B,China,2024-09-15,13.85270116,1.5,2.49700202,0.267430418,26.7430418,0.407795095,16.66046517,0.091389728,9.13897281,0.285234899,4.697986577,0.35759375,5.265885417,0.285488697,20.6098552,TRUE
Qwen/Qwen2.5-14B,Qwen/Qwen2.5-14B,China,2024-09-15,31.95106269,14.77,8.733912172,0.369446402,36.94464022,0.616051494,45.0783124,0.290030211,29.00302115,0.381711409,17.56152125,0.450239583,15.91328125,0.524850399,47.20559988,TRUE
Qwen/Qwen2.5-32B,Qwen/Qwen2.5-32B,China,2024-09-15,38.00796731,32.764,11.74977109,0.407664996,40.76649955,0.677052245,53.95475285,0.356495468,35.64954683,0.411912752,21.58836689,0.497833333,22.69583333,0.580535239,53.39280437,TRUE
Qwen/Qwen2.5-3B,Qwen/Qwen2.5-3B,China,2024-09-15,18.10277022,3.086,5.386605082,0.268954153,26.89541528,0.461247534,24.30424173,0.148036254,14.80362538,0.297818792,6.375838926,0.430333333,11.75833333,0.3203125,24.47916667,TRUE
Qwen/Qwen2.5-72B,Qwen/Qwen2.5-72B,China,2024-09-15,38.44114357,72.706,36.18385318,0.413710067,41.37100671,0.679732067,54.6150578,0.391238671,39.12386707,0.405201342,20.6935123,0.477125,19.640625,0.596825133,55.20279255,TRUE
Qwen/Qwen2.5-7B,Qwen/Qwen2.5-7B,China,2024-09-15,26.01915992,7.616,4.686730427,0.337447971,33.74479714,0.541630377,35.81347329,0.250755287,25.0755287,0.32466443,9.955257271,0.442427083,14.13671875,0.43650266,37.3891844,TRUE
Qwen/Qwen2-0.5B,Qwen/Qwen2-0.5B,China,2024-05-31,7.224121474,0.494,2.632361501,0.187321862,18.73218615,0.323911742,7.918512041,0.026435045,2.643504532,0.26090604,1.454138702,0.375208333,4.601041667,0.171958112,7.995345745,TRUE
Qwen/Qwen2-1.5B,Qwen/Qwen2-1.5B,China,2024-05-31,10.44545294,1.544,2.216389784,0.211327057,21.13270567,0.357479317,11.78183365,0.070241692,7.024169184,0.264261745,1.901565996,0.3658125,3.593229167,0.255152926,17.23921395,TRUE
Qwen/Qwen2-1.5B-Instruct,Qwen/Qwen2-1.5B-Instruct,China,2024-06-03,14.14193682,1.544,1.317647877,0.337123277,33.71232773,0.385223241,13.69534683,0.071752266,7.175226586,0.261744966,1.565995526,0.42928125,12.02682292,0.250083112,16.6759013,TRUE
Qwen/Qwen2-57B-A14B,Qwen/Qwen2-57B-A14B,China,2024-05-22,25.03387313,57.409,107.0314775,0.311269653,31.12696534,0.561820494,38.87598905,0.186555891,18.65558912,0.306208054,7.494407159,0.417375,10.53854167,0.491605718,43.51174645,TRUE
Qwen/Qwen2-72B,Qwen/Qwen2-72B,China,2024-05-22,35.45667093,72.706,128.1245585,0.382361024,38.23610243,0.66173403,51.85613119,0.311178248,31.11782477,0.394295302,19.2393736,0.470364583,19.72890625,0.573055186,52.56168735,TRUE
Qwen/Qwen2-7B,Qwen/Qwen2-7B,China,2024-06-04,23.92516214,7.616,2.561164511,0.314866776,31.48667757,0.531531595,34.7111362,0.203927492,20.39274924,0.304530201,7.270693512,0.443916667,14.32291667,0.418301197,35.36679965,TRUE
Qwen/Qwen2-Math-72B-Instruct,Qwen/Qwen2-Math-72B-Instruct,China,2024-08-08,38.020957,72.706,24.33649539,0.569381463,56.93814634,0.63433766,47.96019951,0.553625378,55.36253776,0.368288591,15.77181208,0.451697917,15.72890625,0.427277261,36.36414007,TRUE
Qwen/Qwen2-Math-7B,Qwen/Qwen2-Math-7B,China,2024-08-08,12.01692115,7.616,3.126072126,0.268704814,26.87048143,0.386954741,14.06449449,0.247734139,24.7734139,0.263422819,1.789709172,0.359333333,2.416666667,0.119680851,2.186761229,TRUE
refuelai/Llama-3-Refueled,refuelai/Llama-3-Refueled,USA,2024-05-03,23.18144831,8.03,1.751971667,0.461995284,46.19952836,0.58707662,41.721971,0.066465257,6.64652568,0.299496644,6.599552573,0.44540625,14.64244792,0.309507979,23.2786643,TRUE
Salesforce/LLaMA-3-8B-SFR-Iterative-DPO-R,Salesforce/LLaMA-3-8B-SFR-Iterative-DPO-R,USA,2024-05-09,18.52775129,8.03,1.714784861,0.381562033,38.15620332,0.501195047,29.15028935,0.091389728,9.13897281,0.287751678,5.033557047,0.363333333,5.55,0.317237367,24.13748522,TRUE
speakleash/Bielik-11B-v2,speakleash/Bielik-11B-v2,Poland,2024-08-26,15.98906917,11.169,1.837466067,0.238104895,23.8104895,0.493084091,27.81790654,0.078549849,7.854984894,0.288590604,5.14541387,0.392447917,7.555989583,0.313746676,23.74963061,TRUE
stabilityai/StableBeluga2,stabilityai/StableBeluga2,UK,2023-07-20,22.80872296,68.977,12.50934731,0.378714034,37.87140343,0.582412813,41.26326113,0.043806647,4.380664653,0.316275168,8.836689038,0.47296875,18.65442708,0.332613032,25.84589243,TRUE
stabilityai/stablelm-2-1_6b,stabilityai/stablelm-2-1_6b,UK,2024-01-18,5.316831473,1.645,1.099743655,0.115705218,11.57052177,0.338457721,8.632695205,0.00755287,0.755287009,0.248322148,0,0.388197917,5.79140625,0.146359707,5.151078605,TRUE
stabilityai/stablelm-2-1_6b-chat,stabilityai/stablelm-2-1_6b-chat,UK,2024-04-08,8.867360692,1.645,0.990853017,0.305999193,30.59991933,0.33901724,7.493378297,0.024924471,2.49244713,0.247483221,0,0.35796875,5.712760417,0.162150931,6.905658983,TRUE
stabilityai/stablelm-2-12b,stabilityai/stablelm-2-12b,UK,2024-03-21,13.99866306,12.143,2.946558449,0.156921413,15.6921413,0.450865417,22.68579748,0.04305136,4.305135952,0.27852349,3.803131991,0.447885417,14.48567708,0.307180851,23.02009456,TRUE
stabilityai/stablelm-2-12b-chat,stabilityai/stablelm-2-12b-chat,UK,2024-04-04,16.77817802,12.143,2.176193372,0.408164781,40.81647806,0.467202473,25.25369709,0.053625378,5.362537764,0.266778523,2.237136465,0.391427083,7.728385417,0.2734375,19.27083333,TRUE
stabilityai/stablelm-2-zephyr-1_6b,stabilityai/stablelm-2-zephyr-1_6b,UK,2024-01-19,9.458167592,1.645,0.946177325,0.327931001,32.79310009,0.335160871,6.708710148,0.033232628,3.32326284,0.243288591,0,0.351145833,5.993229167,0.17137633,7.93070331,TRUE
stabilityai/stablelm-3b-4e1t,stabilityai/stablelm-3b-4e1t,UK,2023-09-29,7.326191292,2.795,0.868530253,0.220319862,22.03198624,0.350421142,9.01307035,0.010574018,1.057401813,0.237416107,0,0.37778125,4.42265625,0.166888298,7.432033097,TRUE
stabilityai/stablelm-zephyr-3b,stabilityai/stablelm-zephyr-3b,UK,2023-11-21,12.36920696,2.795,0.768047263,0.368322717,36.83227171,0.386636144,14.75911921,0.04305136,4.305135952,0.23909396,0,0.418302083,9.787760417,0.17677859,8.530954492,TRUE
TencentARC/LLaMA-Pro-8B,TencentARC/LLaMA-Pro-8B,China,2024-01-05,8.816698626,8.357,95.6154671,0.227713578,22.77135778,0.348419771,9.293949976,0.018882175,1.888217523,0.260067114,1.342281879,0.4018125,8.593229167,0.181100399,9.011155437,TRUE
TencentARC/LLaMA-Pro-8B-Instruct,TencentARC/LLaMA-Pro-8B-Instruct,China,2024-01-06,15.28346018,8.357,6.210406712,0.448606364,44.86063644,0.422420528,19.48572606,0.024924471,2.49244713,0.274328859,3.243847875,0.419020833,11.1109375,0.194564495,10.50716608,TRUE
TencentARC/MetaMath-Mistral-Pro,TencentARC/MetaMath-Mistral-Pro,China,2024-02-26,12.51652687,8.987,1.201504504,0.211876709,21.18767094,0.441316186,22.37227879,0.076283988,7.628398792,0.269295302,2.572706935,0.352416667,4.985416667,0.247174202,16.35268913,TRUE
TencentARC/Mistral_Pro_8B_v0.1,TencentARC/Mistral_Pro_8B_v0.1,China,2024-02-22,14.19534593,8.987,1.264964564,0.21145228,21.145228,0.452597597,22.89418876,0.056646526,5.664652568,0.280201342,4.026845638,0.424229167,11.82864583,0.276512633,19.61251478,TRUE
tiiuae/falcon-11B,tiiuae/falcon-11B,UAE,2024-05-09,13.85190259,11.103,2.165741983,0.32613244,32.61324397,0.439163704,21.93799946,0.027945619,2.794561934,0.270973154,2.796420582,0.398645833,7.530729167,0.238946144,15.4384604,TRUE
tiiuae/Falcon3-10B-Base,tiiuae/Falcon3-10B-Base,UAE,2024-12-03,27.61785088,10.306,1.62077888,0.364775462,36.47754624,0.595004253,41.37546219,0.249244713,24.9244713,0.345637584,12.75167785,0.439791667,14.17395833,0.424035904,36.00398936,TRUE
tiiuae/Falcon3-1B-Base,tiiuae/Falcon3-1B-Base,UAE,2024-12-13,9.888096103,1.669,0.802738974,0.242801323,24.28013227,0.357115392,11.34317327,0.033232628,3.32326284,0.279362416,3.914988814,0.414739583,9.709114583,0.160821144,6.757904846,TRUE
tiiuae/Falcon3-3B-Base,tiiuae/Falcon3-3B-Base,UAE,2024-12-13,15.73874319,3.228,0.962432951,0.276498579,27.64985793,0.442136783,21.58478429,0.117824773,11.78247734,0.296979866,6.263982103,0.374989583,6.273697917,0.287898936,20.87765957,TRUE
tiiuae/Falcon3-3B-Instruct,tiiuae/Falcon3-3B-Instruct,UAE,2024-12-14,26.6023449,3.228,0.960927292,0.697675501,69.7675501,0.475443033,26.28722947,0.25,25,0.288590604,5.14541387,0.41359375,11.13255208,0.300531915,22.28132388,TRUE
tiiuae/Falcon3-7B-Base,tiiuae/Falcon3-7B-Base,UAE,2024-11-21,24.74572536,7.456,1.218744095,0.341594746,34.15947464,0.509888047,31.55991855,0.194108761,19.41087613,0.34647651,12.86353468,0.470208333,18.14270833,0.391040559,32.33783983,TRUE
tiiuae/Falcon3-Mamba-7B-Base,tiiuae/Falcon3-Mamba-7B-Base,UAE,2024-12-11,18.13879198,7.273,1.672636287,0.289112887,28.91128871,0.469928019,25.5340488,0.194108761,19.41087613,0.309563758,7.941834452,0.343145833,4.393229167,0.303773271,22.64147459,TRUE
tiiuae/falcon-40b,tiiuae/falcon-40b,UAE,2023-05-24,11.40130446,40,43.5871678,0.249645385,24.96453854,0.40185325,16.58330473,0.018126888,1.812688822,0.273489933,3.131991051,0.363145833,5.193229167,0.25049867,16.72207447,TRUE
tiiuae/falcon-40b-instruct,tiiuae/falcon-40b-instruct,UAE,2023-05-25,10.48450678,40,39.46649097,0.245448743,24.54487427,0.405386752,17.2201142,0.019637462,1.963746224,0.25,0,0.376229167,5.161979167,0.226146941,14.01632683,TRUE
tiiuae/falcon-7b,tiiuae/falcon-7b,UAE,2023-04-24,5.17344472,7,1.571682475,0.182051401,18.20514014,0.328524461,5.963936912,0.009818731,0.981873112,0.244966443,0,0.37784375,4.497135417,0.112533245,1.392582742,TRUE
tiiuae/falcon-7b-instruct,tiiuae/falcon-7b-instruct,UAE,2023-04-25,5.116573909,7,1.532429051,0.1968887,19.68886998,0.320342215,4.823178461,0.012084592,1.208459215,0.247483221,0,0.363364583,3.25390625,0.115525266,1.725029551,TRUE
tiiuae/falcon-mamba-7b,tiiuae/falcon-mamba-7b,UAE,2024-07-17,15.17923803,7,7.220815835,0.333576023,33.35760227,0.428485499,19.8768778,0.044561934,4.456193353,0.310402685,8.053691275,0.42103125,10.86223958,0.230219415,14.46882388,TRUE
TinyLlama/TinyLlama_v1.1,TinyLlama/TinyLlama_v1.1,USA,2024-03-09,4.824553845,1.1,0.497857237,0.200061393,20.00613927,0.30237018,3.21030105,0.012084592,1.208459215,0.245805369,0,0.36996875,3.979427083,0.104886968,0.542996454,TRUE
TinyLlama/TinyLlama-1.1B-Chat-v0.1,TinyLlama/TinyLlama-1.1B-Chat-v0.1,USA,2023-09-16,3.957577335,1.1,0.182190419,0.14785436,14.78543598,0.308352947,3.363010674,0.006042296,0.604229607,0.229026846,0,0.359239583,3.904947917,0.109790559,1.087839835,TRUE
TinyLlama/TinyLlama-1.1B-Chat-v0.5,TinyLlama/TinyLlama-1.1B-Chat-v0.5,USA,2023-11-20,4.126163904,1.1,0.189927664,0.163366534,16.33665341,0.310504692,3.407690938,0.003776435,0.377643505,0.248322148,0,0.366125,3.565625,0.109624335,1.069370567,TRUE
TinyLlama/TinyLlama-1.1B-Chat-v0.6,TinyLlama/TinyLlama-1.1B-Chat-v0.6,USA,2023-11-20,4.294276282,1.1,0.647694845,0.157421198,15.7421198,0.306697666,3.39037071,0.015861027,1.586102719,0.258389262,1.118568233,0.34221875,2.27734375,0.114860372,1.651152482,TRUE
TinyLlama/TinyLlama-1.1B-Chat-v1.0,TinyLlama/TinyLlama-1.1B-Chat-v1.0,USA,2023-12-30,2.818859486,1.1,0.53688291,0.059576368,5.957636848,0.310356287,4.013396848,0.01510574,1.510574018,0.25,0,0.351520833,4.306770833,0.110123005,1.124778369,TRUE
TinyLlama/TinyLlama-1.1B-intermediate-step-1431k-3T,TinyLlama/TinyLlama-1.1B-intermediate-step-1431k-3T,USA,2023-12-28,5.230318101,1.1,0.331595759,0.22766371,22.76637101,0.307118844,3.54709339,0.012084592,1.208459215,0.252516779,0.33557047,0.33803125,2.187239583,0.112034574,1.337174941,TRUE
togethercomputer/GPT-JT-6B-v1,togethercomputer/GPT-JT-6B-v1,USA,2022-11-24,6.877706828,6,75.91762136,0.206106464,20.61064642,0.330266091,7.318523965,0.010574018,1.057401813,0.26090604,1.454138702,0.37365625,3.873697917,0.162566489,6.951832151,TRUE
togethercomputer/GPT-NeoXT-Chat-Base-20B,togethercomputer/GPT-NeoXT-Chat-Base-20B,USA,2023-03-03,5.140295457,20,5.967175975,0.182975616,18.29756158,0.332097026,6.830794983,0.023413897,2.341389728,0.25,0,0.3460625,1.7578125,0.114527926,1.614213948,TRUE
togethercomputer/LLaMA-2-7B-32K,togethercomputer/LLaMA-2-7B-32K,USA,2023-07-26,6.837715868,7,1.169145546,0.186497383,18.64973825,0.339951752,8.08998423,0.014350453,1.435045317,0.25,0,0.375364583,4.320572917,0.17677859,8.530954492,TRUE
togethercomputer/Llama-2-7B-32K-Instruct,togethercomputer/Llama-2-7B-32K-Instruct,USA,2023-08-08,8.258542186,7,1.179818727,0.213000395,21.30003945,0.344347242,8.563469919,0.015861027,1.586102719,0.251677852,0.223713647,0.40559375,9.19921875,0.178108378,8.678708629,TRUE
togethercomputer/RedPajama-INCITE-7B-Base,togethercomputer/RedPajama-INCITE-7B-Base,USA,2023-05-04,5.561814294,7,2.441214327,0.208229719,20.82297194,0.319488988,5.087242273,0.015861027,1.586102719,0.255033557,0.67114094,0.362,3.016666667,0.119680851,2.186761229,TRUE
togethercomputer/RedPajama-INCITE-7B-Chat,togethercomputer/RedPajama-INCITE-7B-Chat,USA,2023-05-04,4.050900591,7,2.438672213,0.155797728,15.57977278,0.317544933,4.502173664,0.006797583,0.679758308,0.252516779,0.33557047,0.344760417,1.86171875,0.112117686,1.346409574,TRUE
togethercomputer/RedPajama-INCITE-7B-Instruct,togethercomputer/RedPajama-INCITE-7B-Instruct,USA,2023-05-05,6.456725493,7,2.362237341,0.205506944,20.55069438,0.337743947,7.905416494,0.021148036,2.114803625,0.250838926,0.111856823,0.368510417,5.03046875,0.127244016,3.027112884,TRUE
togethercomputer/RedPajama-INCITE-Base-3B-v1,togethercomputer/RedPajama-INCITE-Base-3B-v1,USA,2023-05-04,5.521090385,3,1.552203691,0.229362536,22.93625358,0.306040388,3.518607767,0.014350453,1.435045317,0.243288591,0,0.373875,4.001041667,0.111120346,1.235593972,TRUE
togethercomputer/RedPajama-INCITE-Chat-3B-v1,togethercomputer/RedPajama-INCITE-Chat-3B-v1,USA,2023-05-05,4.848823927,3,1.549817917,0.165214963,16.5214963,0.321669371,5.164727927,0.009063444,0.906344411,0.244127517,0,0.368447917,5.089322917,0.112699468,1.411052009,TRUE
togethercomputer/RedPajama-INCITE-Instruct-3B-v1,togethercomputer/RedPajama-INCITE-Instruct-3B-v1,USA,2023-05-05,5.77723156,3,1.521342069,0.212426362,21.24263621,0.314601775,4.510786369,0.012839879,1.283987915,0.247483221,0,0.388604167,6.408854167,0.110954122,1.217124704,TRUE
upstage/SOLAR-10.7B-v1.0,upstage/SOLAR-10.7B-v1.0,South Korea,2023-12-12,16.85497486,10.732,2.166602052,0.242126447,24.21264467,0.509387308,29.78935809,0.026435045,2.643504532,0.281040268,4.138702461,0.43715625,13.67786458,0.340009973,26.66777482,TRUE
upstage/solar-pro-preview-instruct,upstage/solar-pro-preview-instruct,South Korea,2024-09-09,39.93865486,22.14,3.483526306,0.841581448,84.15814483,0.681684305,54.822351,0.220543807,22.05438066,0.370805369,16.10738255,0.44165625,15.00703125,0.52734375,47.48263889,TRUE
WizardLMTeam/WizardLM-13B-V1.0,WizardLMTeam/WizardLM-13B-V1.0,China,2023-05-13,4.546091524,13,141.9551742,0.185049003,18.50490033,0.291344477,2.147966883,0,0,0.259228188,1.230425056,0.34971875,3.548177083,0.116605718,1.845079787,TRUE
WizardLMTeam/WizardLM-13B-V1.2,WizardLMTeam/WizardLM-13B-V1.2,China,2023-07-25,15.17753274,13,7.03891626,0.339246533,33.92465325,0.446199944,22.88865498,0.018882175,1.888217523,0.26090604,1.454138702,0.43784375,14.03046875,0.251911569,16.87906324,TRUE
WizardLMTeam/WizardLM-70B-V1.0,WizardLMTeam/WizardLM-70B-V1.0,China,2023-08-09,22.3974421,70,58.19212658,0.495142888,49.51428875,0.559036605,37.54335453,0.039274924,3.927492447,0.265939597,2.125279642,0.439114583,14.08932292,0.344664229,27.1849143,TRUE
